ind,CoinName,Algorithm,IsTrading,ProofType,TotalCoinsMined,TotalCoinSupply,TotalCoinSupply_orig,sort_orig
42,42 Coin,Scrypt,TRUE,PoW/PoS,41.99995383,42,42.00,1
365,365Coin,X11,TRUE,PoW/PoS,,2300000000,2300000000.00,2
404,404Coin,Scrypt,TRUE,PoW/PoS,1055184902,532000000,532000000.00,3
611,SixEleven,SHA-256,TRUE,PoW,,611000,611000.00,4
808,808,SHA-256,TRUE,PoW/PoS,0,0,0.00,5
1337,EliteCoin,X13,TRUE,PoW/PoS,29279424623,3.14E+11,314000000000.00,6
2015,2015 coin,X11,TRUE,PoW/PoS,,0,0.00,7
BTC,Bitcoin,SHA-256,TRUE,PoW,17927175,21000000,21000000.00,8
ETH,Ethereum,Ethash,TRUE,PoW,107684222.7,0,0.00,9
LTC,Litecoin,Scrypt,TRUE,PoW,63039243.3,84000000,84000000.00,10
DASH,Dash,X11,TRUE,PoW/PoS,9031294.376,22000000,22000000.00,11
XMR,Monero,CryptoNight-V7,TRUE,PoW,17201143.14,0,0.00,12
ETC,Ethereum Classic,Ethash,TRUE,PoW,113359703,210000000,210000000.00,13
ZEC,ZCash,Equihash,TRUE,PoW,7383056.25,21000000,21000000.00,14
BTS,Bitshares,SHA-512,TRUE,PoS,2741570000,3600570502,3600570502.00,15
DGB,DigiByte,Multiple,TRUE,PoW,11406219141,21000000000,21000000000.00,16
BTCD,BitcoinDark,SHA-256,TRUE,PoW/PoS,1288862,22000000,22000000.00,17
CRAIG,CraigsCoin,X11,TRUE,PoS,,30000000,30000000.00,18
XBS,Bitstake,X11,TRUE,PoW/PoS,0,1300000,1300000.00,19
XPY,PayCoin,SHA-256,TRUE,PoS,11995334.88,12500000,12500000.00,20
PRC,ProsperCoin,Scrypt,TRUE,PoW,5768310,21000000,21000000.00,21
YBC,YbCoin,Multiple,TRUE,PoS,,200000000,200000000.00,22
DANK,DarkKush,X13,TRUE,PoW/PoS,,3000000,3000000.00,23
GIVE,GiveCoin,X11,TRUE,PoW,,500000000,500000000.00,24
KOBO,KoboCoin,X15,TRUE,PoW/PoS,25542535.59,350000000,350000000.00,25
DT,DarkToken,NIST5,TRUE,PoW/PoS,,0,0.00,26
CETI,CETUS Coin,Scrypt,TRUE,PoW/PoS,,0,0.00,27
SPR,Spreadcoin,X11,TRUE,PoW,11149734,20000000,20000000.00,28
WOLF,Insanity Coin,X11,TRUE,PoW,,50000000,50000000.00,29
ACOIN,ACoin,SHA-256,TRUE,PoW,0,1600000,1600000.00,30
AERO,Aero Coin,X13,TRUE,PoS,0,7000000,7000000.00,31
ALF,AlphaCoin,Scrypt,TRUE,PoW,,210182000,210182000.00,32
AGS,Aegis,X13,TRUE,PoS,,0,0.00,33
AMC,AmericanCoin,Scrypt,TRUE,PoW,,168000000,168000000.00,34
ALN,AlienCoin,Scrypt,TRUE,PoW,,200000000,200000000.00,35
APEX,ApexCoin,X13,TRUE,PoW/PoS,0,6000000,6000000.00,36
ARCH,ArchCoin,Scrypt,TRUE,PoS,0,16403135,16403135.00,37
ARG,Argentum,Scrypt,TRUE,PoW,12205795.44,64000000,64000000.00,38
ARI,AriCoin,Scrypt,TRUE,PoW,,322649400,322649400.00,39
AUR,Aurora Coin,Scrypt,TRUE,PoW/PoS,18135099.99,16768584,16768584.00,40
BET,BetaCoin,SHA-256,TRUE,PoW,0,32000000,32000000.00,41
BEAN,BeanCash,SHA-256,TRUE,PoW/PoS,,50000000000,50000000000.00,42
BLU,BlueCoin,Scrypt,TRUE,PoW/PoS,635423900,0,0.00,43
BQC,BQCoin,Scrypt,TRUE,PoW,,88000000,88000000.00,44
XMY,MyriadCoin,Multiple,TRUE,PoW,1688254250,2000000000,2000000000.00,45
MOON,MoonCoin,Scrypt,TRUE,PoW,88,3.84E+11,384000000000.00,46
ZET,ZetaCoin,SHA-256,TRUE,PoW,170204389.8,169795588,169795588.00,47
SXC,SexCoin,Scrypt,TRUE,PoW,128940951.2,250000000,250000000.00,48
QTL,Quatloo,Scrypt,TRUE,PoW,7357794.793,100000000,100000000.00,49
ENRG,EnergyCoin,Scrypt,TRUE,PoW/PoS,123062801.1,0,0.00,50
QRK,QuarkCoin,Quark,TRUE,PoW,259557164.9,247000000,247000000.00,51
RIC,Riecoin,Groestl,TRUE,PoW,49548585.14,84000000,84000000.00,52
DGC,Digitalcoin ,Scrypt,TRUE,PoW,33442988.34,48166000,48166000.00,53
LIMX,LimeCoinX,X11,TRUE,PoW,0,21000000,21000000.00,54
BTB,BitBar,Scrypt,TRUE,PoW/PoS,42579.4769,500000,500000.00,55
CAIX,CAIx,Scrypt,TRUE,PoS,,0,0.00,56
BTMK,BitMark,Scrypt,TRUE,PoW,0,27580000,27580000.00,57
BUK,CryptoBuk,Scrypt,TRUE,PoW/PoS,,100000000,100000000.00,58
CACH,Cachecoin,Scrypt,TRUE,PoW,,2000000000,2000000000.00,59
CAP,BottleCaps,Scrypt,TRUE,PoW/PoS,,47433600,47433600.00,60
CASH,CashCoin,Scrypt,TRUE,PoW/PoS,0,47433600,47433600.00,61
CAT,Catcoin,Scrypt,TRUE,PoW,7219956.646,21000000,21000000.00,62
CBX,CryptoBullion,Scrypt,TRUE,PoW/PoS,1039116.651,1000000,1000000.00,63
CCN,CannaCoin,Scrypt,TRUE,PoW,4703879.518,13140000,13140000.00,64
CIN,CinderCoin,Multiple,TRUE,PoW/PoS,0,114000000,114000000.00,65
CINNI,CINNICOIN,Scrypt,TRUE,PoW,,15000000,15000000.00,66
CLR,CopperLark,SHA-256,TRUE,PoW,,27200000,27200000.00,67
CMC,CosmosCoin,Scrypt,TRUE,PoW/PoS,,100000000,100000000.00,68
CNC,ChinaCoin,Scrypt,TRUE,PoW,,462500000,462500000.00,69
CNL,ConcealCoin,X11,TRUE,PoW,,8500000,8500000.00,70
COMM,Community Coin,Scrypt,TRUE,PoW/PoS,,1000000000,1000000000.00,71
COOL,CoolCoin,Scrypt,TRUE,PoS,0,100000000,100000000.00,72
CRACK,CrackCoin,X11,TRUE,PoW,,6000000,6000000.00,73
CRYPT,CryptCoin,X11,TRUE,PoW,4996986.206,18000000,18000000.00,74
CSC,CasinoCoin,Scrypt,TRUE,PoC,39999997300,40000000000,40000000000.00,75
DEM,eMark,SHA-256,TRUE,PoW/PoS,0,0,0.00,76
DMD,Diamond,Groestl,TRUE,PoW/PoS,3304487.747,4380000,4380000.00,77
XVG,Verge,Multiple,TRUE,PoW,15929530669,16555000000,16555000000.00,78
DRKC,DarkCash,X11,TRUE,PoW/PoS,0,3720000,3720000.00,79
DSB,DarkShibe,Scrypt,TRUE,PoW,0,2043962,2043962.00,80
DVC,DevCoin,SHA-256,TRUE,PoW,18773857500,21000000000,21000000000.00,81
EAC,EarthCoin,Scrypt,TRUE,PoW,12539015187,13500000000,13500000000.00,82
EFL,E-Gulden,Scrypt,TRUE,PoW,20910478.81,21000000,21000000.00,83
ELC,Elacoin,Scrypt,TRUE,PoW,0,75000000,75000000.00,84
EMC2,Einsteinium,Scrypt,TRUE,PoW,218871896.5,299792458,299792458.00,85
EMD,Emerald,Scrypt,TRUE,PoW,19496786.31,32000000,32000000.00,86
EXCL,Exclusive Coin,PoS,TRUE,PoS,5679705,0,0.00,87
EXE,ExeCoin,Scrypt,TRUE,PoW,,21000000,21000000.00,88
EZC,EZCoin,Scrypt,TRUE,PoW,,84000000,84000000.00,89
FLAP,Flappy Coin,Scrypt,TRUE,PoW,0,1.00E+11,100000000000.00,90
FC2,Fuel2Coin,X11,TRUE,PoS,0,100000000,100000000.00,91
FFC,FireflyCoin,SHA-256,TRUE,PoW,,7.00E+11,700000000000.00,92
FIBRE,FIBRE,NIST5,TRUE,PoW/PoS,0,624000,624000.00,93
FRC,FireRoosterCoin,SHA-256,TRUE,PoW,0,2602410,2602410.00,94
FLT,FlutterCoin,Scrypt,TRUE,PoS/PoW/PoT,461829905.3,0,0.00,95
FRK,Franko,Scrypt,TRUE,PoW,1142732.149,11235813,11235813.00,96
FRAC,FractalCoin,X11,TRUE,PoW,,1000000,1000000.00,97
FSTC,FastCoin,Scrypt,FALSE,PoW,,165888000,165888000.00,98
FTC,FeatherCoin,NeoScrypt,TRUE,PoW,208669093,336000000,336000000.00,99
GDC,GrandCoin,Scrypt,TRUE,PoW,884125802,1420609614,1420609614.00,100
GLC,GlobalCoin,Scrypt,TRUE,PoW,65672720.47,70000000,70000000.00,101
GLD,GoldCoin,Scrypt,TRUE,PoW,41658648,72245700,72245700.00,102
GLX,GalaxyCoin,Scrypt,TRUE,PoW/PoS,,538214400,538214400.00,103
GLYPH,GlyphCoin,X11,TRUE,PoW/PoS,0,7000000,7000000.00,104
GML,GameLeagueCoin,Scrypt,TRUE,PoW/PoS,,500000000,500000000.00,105
GUE,GuerillaCoin,X11,TRUE,PoW/PoS,,19500000,19500000.00,106
HAL,Halcyon,X15,TRUE,PoW/PoS,0,0,0.00,107
HBN,HoboNickels,Scrypt,TRUE,PoW/PoS,89266933.68,120000000,120000000.00,108
HUC,HunterCoin,Multiple,TRUE,PoW,0,42000000,42000000.00,109
HVC,HeavyCoin,Multiple,TRUE,PoW,,128000000,128000000.00,110
HYP,HyperStake,X11,TRUE,PoS,1678520091,0,0.00,111
ICB,IceBergCoin,NIST5,TRUE,PoW/PoS,,8750000,8750000.00,112
IFC,Infinite Coin,Scrypt,TRUE,PoW,90595753019,90600000000,90600000000.00,113
IOC,IOCoin,X11,TRUE,PoW/PoS,17650913.97,22000000,22000000.00,114
IXC,IXcoin,SHA-256,TRUE,PoW,21089349,21000000,21000000.00,115
JBS,JumBucks Coin,X11,TRUE,PoW/PoS,0,3293010,3293010.00,116
JKC,JunkCoin,Scrypt,TRUE,PoW,,107000000,107000000.00,117
JUDGE,JudgeCoin,X13,TRUE,PoW/PoS,0,21600000,21600000.00,118
KDC,Klondike Coin,Scrypt,TRUE,PoW,,20000000,20000000.00,119
KEYC,KeyCoin,X13,FALSE,PoW/PoS,,1000000,1000000.00,120
KGC,KrugerCoin,Scrypt,TRUE,PoW,151447649.8,265420800,265420800.00,121
LK7,Lucky7Coin,Scrypt,TRUE,PoW/PoS,,99792000,99792000.00,122
LKY,LuckyCoin,Scrypt,TRUE,PoW,19326319.14,20000000,20000000.00,123
LSD,LightSpeedCoin,NIST5,TRUE,PoW/PoS,,900000,900000.00,124
LTB,Litebar ,Scrypt,TRUE,PoW,1104344.229,1350000,1350000.00,125
LTCD,LitecoinDark,Scrypt,TRUE,PoW,0,82003200,82003200.00,126
LTCX,LitecoinX,X11,TRUE,PoW,,84000000,84000000.00,127
LXC,LibrexCoin,X11,TRUE,PoW/PoS,0,1000000,1000000.00,128
LYC,LycanCoin,Scrypt,TRUE,PoW,,4950000000,4950000000.00,129
MAX,MaxCoin,SHA3,TRUE,PoW/PoS,61445805,100000000,100000000.00,130
MEC,MegaCoin,Scrypt,TRUE,PoW,38151999.99,42000000,42000000.00,131
MED,MediterraneanCoin,HybridScryptHash256,TRUE,PoW,40431856.9,200000000,200000000.00,132
MINRL,Minerals Coin,X11,FALSE,PoW/PoS,,1000000,1000000.00,133
MINT,MintCoin,Scrypt,TRUE,PoS,21293925445,0,0.00,134
MN,Cryptsy Mining Contract,SHA-256,TRUE,PoW,,0,0.00,135
MINC,MinCoin,Scrypt,TRUE,PoW,5804204.888,10000000,10000000.00,136
MRY,MurrayCoin,Scrypt,TRUE,PoW,,58000000,58000000.00,137
MZC,MazaCoin,SHA-256,TRUE,PoW/PoS,1613836100,2419200000,2419200000.00,138
NAN,NanoToken,Scrypt,TRUE,PoW,,80000000,80000000.00,139
NAUT,Nautilus Coin,Scrypt,TRUE,PoS,16180000,16180000,16180000.00,140
NAV,NavCoin,X13,TRUE,PoW/PoS,66087096.21,0,0.00,141
NBL,Nybble,Scrypt,TRUE,PoW,,210000000,210000000.00,142
NMB,Nimbus Coin,X15,TRUE,PoW/PoS,,25000000,25000000.00,143
NRB,NoirBits,SHA-256,TRUE,PoW,0,50000000,50000000.00,144
NOBL,NobleCoin,Scrypt,TRUE,PoW,2366066306,15000000000,15000000000.00,145
NRS,NoirShares,Scrypt,TRUE,PoW/PoS,,5000000,5000000.00,146
NMC,Namecoin,SHA-256,TRUE,PoW,14736400,21000000,21000000.00,147
NYAN,NyanCoin,Scrypt,TRUE,PoW,334709223.5,337000000,337000000.00,148
OPAL,OpalCoin,X13,TRUE,PoW/PoS,15156364.33,0,0.00,149
ORB,Orbitcoin,NeoScrypt,TRUE,PoW/PoS,3220616.279,3770000,3770000.00,150
PHS,PhilosophersStone,Scrypt,TRUE,PoW,,8891840,8891840.00,151
POT,PotCoin,Scrypt,TRUE,PoW/PoS,222677226,420000000,420000000.00,152
PSEUD,PseudoCash,X13,TRUE,PoW/PoS,,2200000,2200000.00,153
PXC,PhoenixCoin,Scrypt,TRUE,PoW/PoS,73959274.63,98000000,98000000.00,154
PYC,PayCoin,Scrypt,TRUE,PoW/PoS,,30000000,30000000.00,155
RDD,Reddcoin,Scrypt,TRUE,PoW/PoS,29315567169,0,0.00,156
RIPO,RipOffCoin,Scrypt,TRUE,PoW,0,12000000,12000000.00,157
RPC,RonPaulCoin,Scrypt,TRUE,PoW,1104157.422,21000000,21000000.00,158
RT2,RotoCoin,Scrypt-n,TRUE,PoW/PoS,,288000,288000.00,159
RYC,RoyalCoin,Scrypt,TRUE,PoW,,140000000,140000000.00,160
RZR,RazorCoin,Scrypt,TRUE,PoW,,4000000,4000000.00,161
SAT2,Saturn2Coin,Scrypt,TRUE,PoW,,15000000000,15000000000.00,162
SBC,StableCoin,Scrypt,TRUE,PoW,24215181.73,250000000,250000000.00,163
SFR,SaffronCoin,Multiple,TRUE,PoW,,111000000,111000000.00,164
SHADE,ShadeCoin,Scrypt,TRUE,PoW/PoS,,2000000,2000000.00,165
SHLD,ShieldCoin,X15,TRUE,PoW/PoS,0,1000000,1000000.00,166
SILK,SilkCoin,Scrypt,TRUE,PoW/PoS,0,1000000,1000000.00,167
SLG,SterlingCoin,X13,TRUE,PoS,,0,0.00,168
SMC,SmartCoin,Scrypt,TRUE,PoW,25593737.14,51200000,51200000.00,169
SOLE,SoleCoin,X15,TRUE,PoW/PoS,,1200000,1200000.00,170
SPA,SpainCoin,Scrypt-n,TRUE,PoW,0,50000000,50000000.00,171
SPOTS,Spots,Scrypt,TRUE,PoW,,100000000,100000000.00,172
SRC,SecureCoin,Scrypt,TRUE,PoW,0,21000000,21000000.00,173
SSV,SSVCoin,X13,TRUE,PoW,,21000000,21000000.00,174
SUPER,SuperCoin,X11,TRUE,PoS,50707661.75,0,0.00,175
SYNC,SyncCoin,X11,TRUE,PoW/PoS,1177,1000,1000.00,176
SYS,SysCoin,SHA-256,TRUE,PoW,563336541.3,888000000,888000000.00,177
TAG,TagCoin,Scrypt,TRUE,PoW/PoS,,1000000,1000000.00,178
TAK,TakCoin,SHA-256,TRUE,PoW/PoS,,7515187520,7515187520.00,179
TES,TeslaCoin,Multiple,TRUE,PoS,80260463.73,100000000,100000000.00,180
TGC,TigerCoin,SHA-256,TRUE,PoW,43536800,47011968,47011968.00,181
TIT,TittieCoin,PHI1612,TRUE,PoS,1622326490,2300000000,2300000000.00,182
TOR,TorCoin,X11,TRUE,PoW/PoS,1431851,10000000,10000000.00,183
TRC,TerraCoin,SHA-256,TRUE,PoW,22935396,42000000,42000000.00,184
TITC,TitCoin,Scrypt,TRUE,PoW,,1000000,1000000.00,185
ULTC,Umbrella,SHA-256,TRUE,PoW,0,2625000,2625000.00,186
UNB,UnbreakableCoin,SHA-256,TRUE,PoW,2278150,80000000,80000000.00,187
UNO,Unobtanium,SHA-256,TRUE,PoW,200911.7915,250000,250000.00,188
URO,UroCoin,X11,TRUE,PoW,1207310,0,0.00,189
USDE,UnitaryStatus Dollar,Scrypt,TRUE,PoW/PoS,1098952593,1600000000,1600000000.00,190
UTC,UltraCoin,Scrypt,TRUE,PoW/PoS,50235211.14,100000000,100000000.00,191
UTIL,Utility Coin,X13,TRUE,PoW/PoS,0,0,0.00,192
VDO,VidioCoin,X11,TRUE,PoW/PoS,,0,0.00,193
VIA,ViaCoin,Scrypt,TRUE,PoW,23150892.17,23000000,23000000.00,194
VOOT,VootCoin,X11,TRUE,PoW,0,0,0.00,195
VRC,VeriCoin,Scrypt,TRUE,PoST,32021108.41,0,0.00,196
VTC,Vertcoin,Lyra2REv2,TRUE,PoW,51173723.82,84000000,84000000.00,197
WDC,WorldCoin,Scrypt,TRUE,PoW,119606941,265420800,265420800.00,198
XAI,SapienceCoin,X11,TRUE,PoB/PoS,,0,0.00,199
XBOT,SocialXbotCoin,Scrypt,TRUE,PoW/PoS,0,2000000,2000000.00,200
XC,X11 Coin,X11,TRUE,PoW/PoS,6950831.097,5500000,5500000.00,201
XCSH,Xcash,Scrypt,FALSE,PoW/PoS,,2400000,2400000.00,202
XCR,Crypti,Multiple,TRUE,PoS,100000000,0,0.00,203
XJO,JouleCoin,SHA-256,TRUE,PoW,39195739.36,45000000,45000000.00,204
XLB,LibertyCoin,X11,TRUE,PoW/PoS,,16500000,16500000.00,205
XST,StealthCoin,X13,TRUE,PoW/PoS,33093725.41,0,0.00,206
XXX,XXXCoin,Scrypt,TRUE,PoW/PoS,0,50000000,50000000.00,207
YAC,YAcCoin,Scrypt,TRUE,PoW,,2000000000,2000000000.00,208
ZCC,ZCC Coin,Scrypt,TRUE,PoW/PoS,147990238,1000000000,1000000000.00,209
ZED,ZedCoins,Scrypt,TRUE,PoW,,120000000,120000000.00,210
BCN,ByteCoin,CryptoNight,TRUE,PoW,1.84E+11,1.84E+11,184000000000.00,211
EKN,Elektron,X13,TRUE,PoW/PoS,,3000000,3000000.00,212
XDN,DigitalNote ,CryptoNight,TRUE,PoW,6906587610,10000000000,10000000000.00,213
XAU,XauCoin,SHA-256,TRUE,PoW,,2100000,2100000.00,214
BURST,BurstCoin,Shabal256,TRUE,PoC,1813033920,2158812800,2158812800.00,215
SJCX,StorjCoin,Counterparty,TRUE,PoS,51173144,500000000,500000000.00,216
HUGE,BigCoin,Blake,TRUE,PoW,,164429865,164429865.00,217
7,007 coin,Scrypt,TRUE,PoW,,989800,989800.00,218
MONA,MonaCoin,Scrypt,TRUE,PoW,68194674.87,105120000,105120000.00,219
TEK,TekCoin,SHA-256,TRUE,PoW/PoS,,100000000,100000000.00,220
NTRN,Neutron,SHA-256,TRUE,PoW/PoS,39121694,68000000,68000000.00,221
SLING,Sling Coin,SHA-256,TRUE,PoW,0,1000000,1000000.00,222
XSI,Stability Shares,Scrypt,TRUE,PoW/PoS,,15000000,15000000.00,223
KTK,KryptCoin,Scrypt,TRUE,PoS,0,17000000,17000000.00,224
FAIR,FairCoin,Groestl,TRUE,PoW/PoS,53193831,0,0.00,225
NLG,Gulden,Scrypt,TRUE,PoW,415032420,1680000000,1680000000.00,226
RBY,RubyCoin,Scrypt,TRUE,PoS,27184490.39,0,0.00,227
PTC,PesetaCoin,Scrypt,TRUE,PoW,137517654.4,166386000,166386000.00,228
KORE,Kore,X13,TRUE,PoW/PoS,2022464.887,12000000,12000000.00,229
WBB,Wild Beast Coin,Scrypt,TRUE,PoW,181919.2436,2628000,2628000.00,230
SSD,Sonic Screw Driver Coin,SHA-256,TRUE,PoW/PoS,,0,0.00,231
NOTE,Dnotes,Scrypt,TRUE,PoS,174646113.9,500000000,500000000.00,232
FLO,Flo,Scrypt,TRUE,PoW,152270664.9,160000000,160000000.00,233
MMXIV,MaieutiCoin,SHA-256,TRUE,PoS,0,2014,2014.00,234
8BIT,8BIT Coin,Scrypt,TRUE,PoW/PoS,1467841,0,0.00,235
STV,Sativa Coin,X13,TRUE,PoW/PoS,7096834,10000000,10000000.00,236
AM,AeroMe,X13,TRUE,PoW/PoS,0,12000000,12000000.00,237
NKT,NakomotoDark,X11,TRUE,PoW/PoS,,0,0.00,238
GHC,GhostCoin,Scrypt,TRUE,PoW/PoS,,750000000,750000000.00,239
ABY,ArtByte,Scrypt,TRUE,PoW,792537250,1000000000,1000000000.00,240
MTR,MasterTraderCoin,X11,TRUE,PoW/PoS,0,10110000,10110000.00,241
BCR,BitCredit,Momentum,TRUE,PoW,0,210000000,210000000.00,242
XPB,Pebble Coin,CryptoNight,TRUE,PoW,,0,0.00,243
XDQ,Dirac Coin,Blake,TRUE,PoW,,2272800,2272800.00,244
FLDC,Folding Coin,Stanford Folding,TRUE,PoW,719416990,1000000000,1000000000.00,245
SMAC,Social Media Coin,X11,TRUE,PoW/PoS,,0,0.00,246
U,Ucoin,X11,TRUE,PoS,2689812,20000000,20000000.00,247
UIS,Unitus,Multiple,TRUE,PoW,65113302,0,0.00,248
CYP,CypherPunkCoin,QuBit,TRUE,PoW,6365285,0,0.00,249
QBK,QuBuck Coin,X13,TRUE,PoS/PoB,,0,0.00,250
MARYJ,MaryJane Coin,X15,TRUE,PoW/PoS,0,0,0.00,251
OMC,OmniCron,Scrypt,TRUE,PoW,10140044.44,3371337,3371337.00,252
GIG,GigCoin,X11,TRUE,PoW,,0,0.00,253
CC,CyberCoin,Scrypt,TRUE,PoW/PoS,0,0,0.00,254
VTR,Vtorrent,Scrypt,TRUE,PoW/PoS,11604722,20000000,20000000.00,255
METAL,MetalCoin,Scrypt,TRUE,PoW,,0,0.00,256
GRE,GreenCoin,Scrypt,TRUE,PoW,4610340641,10000000000,10000000000.00,257
XG,XG Sports,XG Hash,TRUE,PoW/PoS,,0,0.00,258
CHILD,ChildCoin,X11,TRUE,PoW,,2000000,2000000.00,259
MINE,Instamine Nuggets,Scrypt,TRUE,PoW,,21649485,21649485.00,260
ROS,ROS Coin,X11,TRUE,PoW/PoS,,0,0.00,261
UNAT,Unattanium,SHA-256,TRUE,PoW,0,0,0.00,262
GAIA,GAIA Platform,X11,TRUE,PoS,,24000000,24000000.00,263
XCN,Cryptonite,M7 POW,TRUE,PoW,708506520,1840000000,1840000000.00,264
GMC,Gridmaster,Scrypt,TRUE,PoW,0,84000000,84000000.00,265
MMC,MemoryCoin,Multiple,TRUE,PoW,,10000000,10000000.00,266
CYC,ConSpiracy Coin ,X11,TRUE,PoW,0,33000000,33000000.00,267
MSC,MasterCoin,Scrypt,TRUE,PoW,619478,619478,619478.00,268
EGG,EggCoin,Scrypt,TRUE,PoW/PoS,,3891,3891.00,269
CAMC,Camcoin,X11,FALSE,PoW/PoS,,10000000,10000000.00,270
RBR,Ribbit Rewards,Multiple,TRUE,PoW,,1000000000,1000000000.00,271
ICASH,ICASH,X11,TRUE,PoW,,1000000,1000000.00,272
NODE,Node,Curve25519,TRUE,PoA,,1000000000,1000000000.00,273
SOON,SoonCoin,SHA-256,TRUE,PoW,12462620,21000000,21000000.00,274
BTMI,BitMiles,Scrypt,TRUE,PoW,,4832660000,4832660000.00,275
EVENT,Event Token,Scrypt,TRUE,PoW/PoS,,0,0.00,276
1CR,1Credit,Scrypt,TRUE,PoW,88213,92000000000,92000000000.00,277
VIOR,ViorCoin,Scrypt,TRUE,PoW/PoS,0,0,0.00,278
VMC,VirtualMining Coin,Scrypt-n,TRUE,PoW,,1000000,1000000.00,279
MARSC,MarsCoin,X11,FALSE,PoW,,33000000,33000000.00,280
EQM,Equilibrium Coin,SHA-256,TRUE,PoW/PoS,,0,0.00,281
ISL,IslaCoin,X11,TRUE,PoW/PoS,1513704,0,0.00,282
QSLV,Quicksilver coin,X11,TRUE,PoW,0,33000000,33000000.00,283
XNA,DeOxyRibose,X11,TRUE,PoS,,0,0.00,284
SKB,SkullBuzz,SHA-256,TRUE,PoS,,0,0.00,285
FCS,CryptoFocus,X11,TRUE,PoW/PoS,,0,0.00,286
NXS,Nexus,SHA3,TRUE,PoW/nPoS,63657220,78000000,78000000.00,287
EAGS,EagsCoin,X11,TRUE,PoW/PoS,,20445500,20445500.00,288
MWC,MultiWallet Coin,X11,TRUE,PoW/PoS,,0,0.00,289
MARS,MarsCoin ,X11,TRUE,PoW,32221574.82,33000000,33000000.00,290
XMS,Megastake,X11,TRUE,PoW/PoS,,0,0.00,291
SIGU,Singular,Scrypt,TRUE,PoW/PoS,0,0,0.00,292
M1,SupplyShock,X13,TRUE,PoW/PoS,,0,0.00,293
DB,DarkBit,Scrypt,TRUE,PoW/PoS,,0,0.00,294
CTO,Crypto,Lyra2RE,TRUE,PoW,13742738,65789100,65789100.00,295
BITL,BitLux,X11,FALSE,PoW/PoS,,0,0.00,296
FUTC,FutCoin,X13,TRUE,PoW/PoS,,0,0.00,297
TAM,TamaGucci,Scrypt,TRUE,PoW/PoS/PoC,,5300000,5300000.00,298
MRP,MorpheusCoin,X11,TRUE,PoW,,3400000,3400000.00,299
XFC,Forever Coin,X11,TRUE,PoS,,210000000,210000000.00,300
NANAS,BananaBits,Scrypt,TRUE,PoW/PoS,,0,0.00,301
ACP,Anarchists Prime,SHA-256,TRUE,PoW,14747200,53760000,53760000.00,302
DRZ,Droidz,QUAIT,TRUE,PoW/PoS,8568038.359,5060000,5060000.00,303
BSC,BowsCoin,X11,TRUE,PoW,15863837.5,21000000,21000000.00,304
DRKT,DarkTron,SHA-256,TRUE,PoW/PoS,,1500000,1500000.00,305
CIRC,CryptoCircuits,vDPOS,TRUE,PoS,0,0,0.00,306
EPY,Empyrean,Scrypt,TRUE,PoW,,100000,100000.00,307
SQL,Squall Coin,X11,TRUE,PoS/PoW,329200.0164,0,0.00,308
CHA,Charity Coin,Scrypt,TRUE,PoW,,500000,500000.00,309
MIL,Milllionaire Coin,X11,TRUE,PoW/PoS,0,0,0.00,310
QTZ,Quartz,SHA-256,TRUE,PoW/PoS,,0,0.00,311
SPC,SpinCoin,NIST5,TRUE,PoW/PoS,,0,0.00,312
DUB,DubCoin,X15,TRUE,PoW/PoS,,0,0.00,313
GRAV,Graviton,SHA-256,TRUE,PoW/PoS,,0,0.00,314
HEDGE,Hedgecoin,X13,TRUE,PoW,,33000000,33000000.00,315
SONG,Song Coin,Scrypt,TRUE,PoW,32565300,210240000,210240000.00,316
XSEED,BitSeeds,SHA-256,TRUE,PoW/PoS,,0,0.00,317
CHIP,Chip,X11,TRUE,PoW,,0,0.00,318
SPEC,SpecCoin,Scrypt,TRUE,PoW,,3000000000,3000000000.00,319
SPRTS,Sprouts,SHA-256,TRUE,PoW/PoS,,0,0.00,320
ZNY,BitZeny,Scrypt,TRUE,PoW,75614500,250000000,250000000.00,321
DIGS,Diggits,Scrypt,TRUE,PoS,100000000,100000000,100000000.00,322
EXP,Expanse,Ethash,TRUE,PoW,10495278,16906397,16906397.00,323
MAPC,MapCoin,X11,TRUE,PoS,0,2228921.18,2228921.18,324
CON,Paycon,X13,TRUE,PoW/PoS,23042604,50000000,50000000.00,325
SC,Siacoin,Blake2b,TRUE,PoW,33098296530,0,0.00,326
LYB,LyraBar,Lyra2RE,TRUE,PoW/PoS,,0,0.00,327
EMC,Emercoin,SHA-256,TRUE,PoW/PoS,43059794.8,1000000000,1000000000.00,328
BLITZ,BlitzCoin,X13,TRUE,PoS,0,3852156,3852156.00,329
BHIRE,BitHIRE,Scrypt,FALSE,PoS,,42000000,42000000.00,330
EGC,EverGreenCoin,X15,TRUE,PoW/PoS,13530556.42,26298000,26298000.00,331
MND,MindCoin,X11,TRUE,PoW,15867695,16000000,16000000.00,332
I0C,I0coin,SHA-256,TRUE,PoW,20997476.87,21000000,21000000.00,333
DCR,Decred,BLAKE256,TRUE,PoW/PoS,10365046.93,21000000,21000000.00,334
DOGED,DogeCoinDark,Scrypt,TRUE,PoW,0,16500000000,16500000000.00,335
RVR,Revolution VR,Scrypt,TRUE,PoW,210000000,210000000,210000000.00,336
HODL,HOdlcoin,1GB AES Pattern Search,TRUE,PoW,11448949,81962100,81962100.00,337
EDRC,EDRCoin,SHA-256,TRUE,PoW/PoS,3669691.845,22000000,22000000.00,338
HTC,Hitcoin,X11,TRUE,PoW/PoS,10996318099,26550000000,26550000000.00,339
GAME,Gamecredits,Scrypt,TRUE,PoW,69836100,84000000,84000000.00,340
DSH,Dashcoin,CryptoNight,TRUE,PoW,0,18446744,18446744.00,341
DBIC,DubaiCoin,SHA-256,TRUE,PoW/PoS,5129014,10500000,10500000.00,342
BIOS,BiosCrypto,Quark,TRUE,PoW/PoS,0,20190463.55,20190463.55,343
DIEM,CarpeDiemCoin,SHA-256,TRUE,PoW,21739971929,21626280000,21626280000.00,344
RCX,RedCrowCoin,Scrypt,TRUE,PoW/PoS,,3966666667,3966666667.00,345
PWR,PWR Coin,NIST5,TRUE,PoW/PoS,10069449032,0,0.00,346
TRUMP,TrumpCoin,Blake,TRUE,PoS,0,12000000,12000000.00,347
BLRY,BillaryCoin,Scrypt,TRUE,PoW/PoS,8998743.241,42000000,42000000.00,348
ETHS,EthereumScrypt,Scrypt,TRUE,PoW/PoS,0,4200000,4200000.00,349
PXL,Phalanx,SHA-256,TRUE,PoW,0,15000000,15000000.00,350
SOUL,SoulCoin,Scrypt,TRUE,PoW/PoS,,1400000000,1400000000.00,351
SSTC,SunShotCoin,X11,TRUE,PoW,0,2250000000,2250000000.00,352
GPU,GPU Coin,Scrypt,TRUE,PoS,40477042,221052632,221052632.00,353
TAGR,Think And Get Rich Coin,X15,TRUE,PoW/PoS,,30700000,30700000.00,354
HMP,HempCoin,Scrypt-n,TRUE,PoW,0,5000000000,5000000000.00,355
ADZ,Adzcoin,X11,TRUE,PoW,45110324,84000000,84000000.00,356
MYC,MayaCoin,Scrypt,TRUE,PoW/PoS,,250000000,250000000.00,357
VTA,VirtaCoin,Scrypt,TRUE,PoW,0,21000000000,21000000000.00,358
SOIL,SoilCoin,Dagger,TRUE,PoW,5702048,30000000,30000000.00,359
YOC,YoCoin,Scrypt,TRUE,PoW,636462.5598,168351300,168351300.00,360
UNIT,Universal Currency,SHA-256,TRUE,PoW/PoS,0,210000000,210000000.00,361
AEON,AEON,CryptoNight-Lite,TRUE,PoW,0,18400000,18400000.00,362
SIB,SibCoin,X11GOST,TRUE,PoW,17263355,24000000,24000000.00,363
ERC,EuropeCoin,X11,TRUE,PoW/PoS,10407269.79,384000000,384000000.00,364
AIB,AdvancedInternetBlock,Scrypt,TRUE,PoW,,3.14E+11,314000000000.00,365
XDB,DragonSphere,X11,TRUE,PoW/PoS,,21007600,21007600.00,366
ANTI,Anti Bitcoin,SHA-256,TRUE,PoW,0,42000000,42000000.00,367
COLX,ColossusCoinXT,X11,TRUE,PoS,,21000000000,21000000000.00,368
MNM,Mineum,X13,TRUE,PoW/PoS,,10000000,10000000.00,369
ZEIT,ZeitCoin,Scrypt,TRUE,PoS,36971236047,99000000000,99000000000.00,370
CGA,Cryptographic Anomaly,Scrypt,TRUE,PoW,,10000000000,10000000000.00,371
SWING,SwingCoin,SHA-256,TRUE,PoW/PoS,4377081.61,40000000,40000000.00,372
SAFEX,SafeExchangeCoin,Scrypt,TRUE,PoC,2147483647,2147483647,2147483647.00,373
NEBU,Nebuchadnezzar,PoS,TRUE,PoS,20000000,20000000,20000000.00,374
AEC,AcesCoin,X11,TRUE,PoS,,98000000,98000000.00,375
FRN,Francs,Scrypt,TRUE,PoW,6570807.657,20000000,20000000.00,376
ADNT,Aiden,ScryptOG,FALSE,PoW,84000000,84000000,84000000.00,377
N7,Number7,Scrypt,TRUE,PoW,,270967742,270967742.00,378
CYG,Cygnus,X11,TRUE,PoW/PoS,,25885320,25885320.00,379
LGBTQ,LGBTQoin,X11,TRUE,PoW,,50000000,50000000.00,380
UTH,Uther,Dagger,TRUE,PoW,,25885320,25885320.00,381
MPRO,MediumProject,PoS,TRUE,PoW,,250000,250000.00,382
KATZ,KATZcoin,SHA-256D,TRUE,PoW/PoS,,100000000,100000000.00,383
SPM,Supreme,Scrypt,TRUE,PoW/PoS,,88900000,88900000.00,384
FLX,Flash,Scrypt,TRUE,PoW/PoS,,1000000,1000000.00,385
BOLI,BolivarCoin,X11,TRUE,PoW,13654082.5,25000000,25000000.00,386
CLUD,CludCoin,Scrypt,TRUE,PoW,,100200000,100200000.00,387
HVCO,High Voltage Coin,SHA-256,TRUE,PoW/PoS,,1700000,1700000.00,388
GIZ,GIZMOcoin,X11,TRUE,PoW/PoS,0,100000,100000.00,389
FUZZ,Fuzzballs,Scrypt,TRUE,PoW,,21000000,21000000.00,390
SCRT,SecretCoin,X11,TRUE,PoW/PoS,0,21000000,21000000.00,391
XRA,Ratecoin,X11,TRUE,PoW/PoS,134554941.2,75000000,75000000.00,392
XNX,XanaxCoin,Scrypt,TRUE,PoW,,42000000,42000000.00,393
DBG,Digital Bullion Gold,PoS,TRUE,PoS,0,15000000,15000000.00,394
WMC,WMCoin,X11,TRUE,PoS,,1000000000,1000000000.00,395
GOTX,GothicCoin,Scrypt,TRUE,PoW,,313333333,313333333.00,396
SHREK,ShrekCoin,Scrypt,TRUE,PoW/PoS,,1246000000,1246000000.00,397
REV,Revenu,SHA-256,TRUE,PoW/PoS,1195525,222725000,222725000.00,398
PBC,PabyosiCoin,X11,TRUE,PoW/PoS,,31500000000,31500000000.00,399
OBS,Obscurebay,X11,TRUE,PoW/PoS,,6562000,6562000.00,400
EXIT,ExitCoin,Scrypt,TRUE,PoW/PoS,,756000000,756000000.00,401
EDUC,EducoinV,Scrypt,TRUE,PoW/PoS,,99000000,99000000.00,402
CLINT,Clinton,SHA-256,TRUE,PoW,0,2421227,2421227.00,403
CKC,Clockcoin,SHA-256,TRUE,PoW/PoS,16662820,525000000,525000000.00,404
VIP,VIP Tokens,NIST5,TRUE,PoW/PoS,83450403,90000000,90000000.00,405
NXE,NXEcoin,NIST5,TRUE,PoW/PoS,,2200000,2200000.00,406
ZOOM,ZoomCoin,Lyra2RE,TRUE,PoW,,250000,250000.00,407
YOVI,YobitVirtualCoin,SHA-256,TRUE,PoS,,22830000,22830000.00,408
ORLY,OrlyCoin,X15,TRUE,PoW/PoS,0,36000000,36000000.00,409
KUBOS,KubosCoin,Scrypt,FALSE,PoW/PoS,,9.87E+11,987000000000.00,410
SAK,SharkCoin,SHA-256,TRUE,PoW,,400000000,400000000.00,411
EVIL,EvilCoin,X11,TRUE,PoW/PoS,,21024000,21024000.00,412
COX,CobraCoin,Scrypt,TRUE,PoW/PoS,,1012941176,1012941176.00,413
BSD,BitSend,X11,TRUE,PoW/PoS,24387724.5,139000000,139000000.00,414
DES,Destiny,Scrypt,TRUE,PoW/PoS,,212625,212625.00,415
BIT16,16BitCoin,NIST5,TRUE,PoW/PoS,0,16000000,16000000.00,416
CMTC,CometCoin,Scrypt,TRUE,PoW,,2000000,2000000.00,417
CHESS,ChessCoin,Scrypt,TRUE,PoW/PoS,0,74666667,74666667.00,418
REE,ReeCoin,Scrypt,TRUE,PoW/PoS,0,350000000,350000000.00,419
MARV,Marvelous,Scrypt,TRUE,PoW,,400000000,400000000.00,420
OMNI,Omni,Scrypt,TRUE,PoW,616448,616448,616448.00,421
TRTK,TrollTokens,SHA-256,FALSE,PoW/PoS,,860000000,860000000.00,422
LIR,Let it Ride,POS 3.0,TRUE,PoS,38589808.67,33500000,33500000.00,423
SCRPT,ScryptCoin,Scrypt,TRUE,PoW,,34181818,34181818.00,424
SPCIE,Specie,PoS,TRUE,PoS,,9000000,9000000.00,425
CJ,CryptoJacks,X13,TRUE,PoW/PoS,,500000000,500000000.00,426
PUT,PutinCoin,Scrypt,TRUE,PoW/PoS,813092338.6,2000000000,2000000000.00,427
KRAK,Kraken,SHA-256,TRUE,PoW/PoS,,20000000,20 000 000,428
IBANK,iBankCoin,Scrypt,TRUE,PoW/PoS,4526324,44333333,44333333.00,429
WRLGC,World Gold Coin,SHA-256,FALSE,PoW,,51000000,51000000.00,430
BM,BitMoon,X13,TRUE,PoS,,100000000,100000000.00,431
FRWC,Frankywillcoin,Scrypt,TRUE,PoW/PoS,100000000,100000000,100000000.00,432
PSY,Psilocybin,SHA-256D,TRUE,PoW/PoS,,4214600,4214600.00,433
RUST,RustCoin,Scrypt,TRUE,PoW/PoS,,21212121,21212121.00,434
NZC,NewZealandCoin,Scrypt,TRUE,PoW,,335800000,335800000.00,435
XPOKE,PokeChain,X13,TRUE,PoS,,75000000,75000000.00,436
MUDRA,MudraCoin,X13,TRUE,PoS,5000000,200000000,200000000.00,437
PIZZA,PizzaCoin,X11,TRUE,PoW,1377917,25000000,25000000.00,438
LC,Lutetium Coin,X11,TRUE,PoS,657000000,657000000,657000000.00,439
EXB,ExaByte (EXB),SHA-256,TRUE,PoW,,500000000,500000000.00,440
KMD,Komodo,Equihash,TRUE,dPoW/PoW,115898131,200000000,200000000.00,441
GB,GoldBlocks,X11,TRUE,PoW/PoS,15563873,50000000,50000000.00,442
EDC,EDC Blockchain,SHA-256,TRUE,DPoS/LPoS,,5352058722,5352058722.00,443
WAY,WayCoin,X11,TRUE,PoS,0,100000000,100000000.00,444
TAB,MollyCoin,Scrypt,TRUE,PoW/PoS,,25000000,25000000.00,445
STO,Save The Ocean,X11,TRUE,PoW/PoS,,150000000,150000000.00,446
CTC,CarterCoin,Scrypt,TRUE,PoW/PoS,43165500,90000000,90000000.00,447
TOT,TotCoin,Scrypt,TRUE,PoW/PoS,,1613150000,1613150000.00,448
MDC,MedicCoin,Scrypt,TRUE,PoW/PoS,,33000000,33000000.00,449
FTP,FuturePoints,X11,TRUE,PoS,,360000000,360000000.00,450
ZET2,Zeta2Coin,Quark,TRUE,PoW/PoS,,1200000,1200000.00,451
CVNC,CovenCoin,SHA-256,TRUE,PoW/PoS,,33000,33000.00,452
KRB,Karbo,CryptoNight,TRUE,PoW,7822432.724,10000000,10000000.00,453
TELL,Tellurion,X11,TRUE,PoW/PoS,,3652422000,3652422000.00,454
BXT,BitTokens,SHA-256,TRUE,PoW/PoS,595429,21000000,21000000.00,455
ZYD,ZayedCoin,SHA-256,TRUE,PoW,6243840,9736000,9736000.00,456
MST,MustangCoin,X11,TRUE,PoW/PoS,657636.3455,3000000,3000000.00,457
GOON,Goonies,Scrypt,TRUE,PoW,,270875968,270875968.00,458
ZNE,ZoneCoin,Scrypt,TRUE,PoW/PoS,2581970,21000000,21000000.00,459
COVAL,Circuits of Value,Multiple,TRUE,PoW,1000000000,1200000000,1200000000.00,460
DGDC,DarkGold,X13,TRUE,PoW/PoS,,1000000,1000000.00,461
TODAY,TodayCoin,Scrypt,TRUE,PoW,,39200000,39200000.00,462
ROOT,RootCoin,Scrypt,TRUE,PoW/PoS,1939889,0,0.00,463
DOPE,DopeCoin,Scrypt,TRUE,PoW,116845228,200000000,200000000.00,464
FX,FCoin,Scrypt,TRUE,PoW/PoS,,987600000,987600000.00,465
PIO,Pioneershares,X11,TRUE,PoW/PoS,,200000,200000.00,466
PROUD,PROUD Money,X11,TRUE,PoW/PoS,0,10000000000,10000000000.00,467
SMSR,Samsara Coin,QuBit,TRUE,PoW/PoS,,60000000,60000000.00,468
UBIQ,Ubiqoin,Progressive-n,TRUE,PoS,,500000000,500000000.00,469
ARM,Armory Coin,Scrypt,TRUE,PoW/PoS,,1990000000,1990000000.00,470
RING,RingCoin,Scrypt,TRUE,PoW/PoS,,1900000000,1900000000.00,471
LAZ,Lazarus,DPoS,TRUE,DPoS,,10000000,10000000.00,472
BTCR,BitCurrency,Scrypt,TRUE,PoS,169598616,0,0.00,473
FCTC,FaucetCoin,X13,FALSE,PoS,,10000,10000.00,474
MOOND,Dark Moon,Scrypt,TRUE,PoW/PoS,,420000000,420000000.00,475
DLC,DollarCoin,SHA-256,TRUE,PoW,9106714,10638298,10638298.00,476
SCN,Swiscoin,Scrypt,TRUE,PoW/PoW,665200057,3100000000,3100000000.00,477
BRONZ,BitBronze,Scrypt,TRUE,PoW,,4502400,4502400.00,478
SH,Shilling,Scrypt,TRUE,PoW,11119200,30000000,30000000.00,479
BUZZ,BuzzCoin,SHA-256D,TRUE,PoW/PoS,19577787259,20000000000,20000000000.00,480
MG,Mind Gene,SHA-256,TRUE,PoW/PoS,,7500000000,7500000000.00,481
PSI,PSIcoin,X11,TRUE,PoS,,696969,696969.00,482
XPO,Opair,PoS,TRUE,PoS,74033806.79,74000000,74000000.00,483
PSB,PesoBit,Scrypt,TRUE,PoW/PoS,33522957,0,0.00,484
FIT,Fitcoin,X11,TRUE,PoW/PoS,,90000000,90000000.00,485
PINKX,PantherCoin,Scrypt,TRUE,PoW/PoS,,735000000,735000000.00,486
UNF,Unfed Coin,Scrypt,TRUE,PoW,,67000000,67000000.00,487
SPORT,SportsCoin,X11,TRUE,PoS,,20000000,20000000.00,488
NTC,NineElevenTruthCoin,Scrypt,TRUE,PoW/PoS,,130528084,130528084.00,489
EGO,EGOcoin,PoS,TRUE,PoS,,60000000,60000000.00,490
GBRC,GBR Coin,Scrypt,TRUE,PoW,0,87500000,87500000.00,491
HALLO,Halloween Coin,X11,TRUE,PoW/PoS,264678458.3,1500000000,1500000000.00,492
BBCC,BaseballCardCoin,Scrypt,TRUE,PoW/PoS,,19000000,19000000.00,493
EMIGR,EmiratesGoldCoin,SHA-256,FALSE,PoW,,4000000,4000000.00,494
BHC,BighanCoin,Quark,TRUE,PoW,,411000000,411000000.00,495
CRAFT,Craftcoin,Scrypt,TRUE,PoW/PoS,,49411760,49411760.00,496
OLYMP,OlympCoin,X11,TRUE,PoW/PoS,,50000000,50000000.00,497
DPAY,DelightPay,X13,TRUE,PoW/PoS,,90400000,90400000.00,498
ANTC,AntiLitecoin,Scrypt,FALSE,PoW,,84000000,84000000.00,499
JOBS,JobsCoin,X11,TRUE,PoW/PoS,,20000000000,20000000000.00,500
DGORE,DogeGoreCoin,X11,TRUE,PoW/PoS,,500000000,500000000.00,501
RMS,Resumeo Shares,NIST5,TRUE,PoS,,9188302,9188302.00,502
FJC,FujiCoin,Scrypt-n,TRUE,PoW,0,10000000,10000000.00,503
VAPOR,Vaporcoin,SHA-256,TRUE,PoW/PoS,,2000000,2000000.00,504
XZC,ZCoin,Lyra2Z,TRUE,PoW,7568281.25,21400000,21400000.00,505
PRE,Premium,Scrypt,TRUE,PoW,,20000000,20000000.00,506
CALC,CaliphCoin,SHA-256,TRUE,PoW,,135000000,135000000.00,507
LEA,LeaCoin,SHA-256,TRUE,PoW,0,2000000000,2000000000.00,508
CF,Californium,SHA-256,TRUE,PoW,,2520000,2520000.00,509
CFC,CoffeeCoin,PoS,TRUE,PoS,148716816,39999898,39999898.00,510
BS,BlackShadowCoin,X11,TRUE,PoW/PoS,,2100000000,2100000000.00,511
JIF,JiffyCoin,SHA-256D,TRUE,PoW,,5108400,5108400.00,512
MONETA,Moneta,Scrypt,TRUE,PoW,,184000000,184000000.00,513
RUBIT,Rublebit,Scrypt,TRUE,PoW,,100000000,100000000.00,514
HCC,HappyCreatorCoin ,Scrypt,TRUE,PoW,,1.00E+11,100000000000.00,515
BRAIN,BrainCoin,X11,TRUE,PoW/PoS,,22000000,22000000.00,516
ROYAL,RoyalCoin,X13,TRUE,PoS,2500124,2500124,2500124.00,517
LFC,BigLifeCoin,X11,TRUE,PoW,,9900000000,9900000000.00,518
ZUR,Zurcoin,Quark,TRUE,PoW,0,126000000,126000000.00,519
PEC,PeaceCoin,X11,TRUE,PoW,,700000000,700000000.00,520
GMX,Goldmaxcoin,Scrypt,TRUE,PoW,,84078950,84078950.00,521
32BIT,32Bitcoin,X11,TRUE,PoW/PoS,,355000,355000.00,522
GNJ,GanjaCoin V2,X14,TRUE,PoW/PoS,100000000,100000000,100000000.00,523
TEAM,TeamUP,PoS,TRUE,PoS,17818682.17,301000000,301000000.00,524
SCT,ScryptToken,Scrypt,TRUE,PoW/PoS,,8842105,8842105.00,525
LANA,LanaCoin,SHA-256D,TRUE,PoW/PoS,1082162636,7506000000,7506000000.00,526
ELE,Elementrem,Ethash,TRUE,PoW,26205539,26205539,26205539.00,527
GCC,GuccioneCoin,Scrypt,TRUE,PoW,,39760000,39760000.00,528
EQUAL,EqualCoin,X13,TRUE,PoW/PoS,,1000000000,1000000000.00,529
2BACCO,2BACCO Coin,Scrypt,TRUE,PoW/PoS,,81454545,81454545.00,530
DKC,DarkKnightCoin,Scrypt,TRUE,PoW/PoS,,24000000,24000000.00,531
COC,Community Coin,SHA-256,TRUE,PoW,,36129032,36129032.00,532
CHOOF,ChoofCoin,Scrypt,TRUE,PoW/PoS,,40000000,40000000.00,533
CSH,CashOut,SHA-256,TRUE,PoW,0,100000000,100000000.00,534
ZCL,ZClassic,Equihash,TRUE,PoW,5613550,21000000,21000000.00,535
RYCN,RoyalCoin 2.0,X13,TRUE,PoS,,2500124,2500124.00,536
PCS,Pabyosi Coin,X11,TRUE,PoW/PoS,,31500000000,31500000000.00,537
NBIT,NetBit,Scrypt,TRUE,PoW/PoS,,10500000,10.500.000,538
WINE,WineCoin,Scrypt,TRUE,PoW/PoS,,1744000000,1744000000.00,539
ARK,ARK,DPoS,TRUE,DPoS,108202084,125000000,125000000.00,540
ZECD,ZCashDarkCoin,Scrypt,TRUE,PoW,,500000000,500000000.00,541
WASH,WashingtonCoin,X11,TRUE,PoW/PoS,,170000000,170000000.00,542
LUCKY,LuckyBlocks,PoS,TRUE,PoS,,20000000,20000000.00,543
INSANE,InsaneCoin,X11,TRUE,PoW/PoS,18342813,30000000,30000000.00,544
BASH,LuckChain,Scrypt,TRUE,PoW/PoS,0,1000000000,1000000000.00,545
FAME,FameCoin,QuBit,TRUE,PoW/PoS,,50000000,50000000.00,546
LIV,LiviaCoin,Scrypt,TRUE,PoW/PoS,,1572000000,1572000000.00,547
DOGETH,EtherDoge,X11,TRUE,PoW/PoS,,18100000,18100000.00,548
KLC,KiloCoin,Scrypt,TRUE,PoW,196297971,10000000000,10000000000.00,549
HUSH,Hush,Equihash,TRUE,PoW,0,21000000,21000000.00,550
BTLC,BitLuckCoin,PoS,TRUE,PoS,,5000000000,5000000000.00,551
DRM8,Dream8Coin,Scrypt,TRUE,PoW,,88800000000,88800000000.00,552
EBZ,Ebitz,PoS,FALSE,PoS,,21000000,21000000.00,553
FGZ,Free Game Zone,Scrypt,TRUE,PoW,,44775520,44775520.00,554
BOSON,BosonCoin,X11,TRUE,PoW/PoS,,5000000000,5000000000.00,555
ATX,ArtexCoin,X11,TRUE,PoW,824000000,500000000,500000000.00,556
PNC,PlatiniumCoin,SHA-256,TRUE,PoW,,21000000,21000000.00,557
BRDD,BeardDollars,Scrypt,TRUE,PoW/PoS,,21212121,21212121.00,558
BIPC,BipCoin,CryptoNight,TRUE,PoW,,18446744,18446744.00,559
XNC,XenCoin,Scrypt,TRUE,PoW,,2100000000,2100000000.00,560
EMB,EmberCoin,X13,TRUE,PoW/PoS,92192822723,850000000,850000000.00,561
BTTF,Coin to the Future,PoS,TRUE,PoS,,1210000,1210000.00,562
DLR,DollarOnline,X11,TRUE,PoW/PoS,,1000000000,1000000000.00,563
XEN,XenixCoin,X11,TRUE,PoW/PoS,3853326.777,3853326.78,3853326.78,564
IW,iWallet,X11,TRUE,PoW/PoS,,2142857143,2142857143.00,565
FRE,FreeCoin,PoS,TRUE,PoS,50000000,50000000,50000000.00,566
NPC,NPCcoin,SHA-256D,TRUE,PoW/PoS,0,7000000000,7000000000.00,567
PLNC,PLNCoin,Scrypt,TRUE,PoW/PoS,17089600,38540000,38540000.00,568
DGMS,Digigems,Scrypt,TRUE,PoW,,50000000,50000000.00,569
ICOB,Icobid,Scrypt,TRUE,PoW/PoS,0,200000000,200000000.00,570
ARCO,AquariusCoin,Scrypt,TRUE,PoW/PoS,2449577.415,42000000,42000000.00,571
KURT,Kurrent,X11,TRUE,PoW,61364813,228000000,228000000.00,572
XCRE,Creatio,PoS,TRUE,PoS,20000000,20000000,20000000.00,573
ENT,Eternity,X11,TRUE,PoW/PoS,6069482.077,60000000,60000000.00,574
MTLM3,Metal Music v3,Scrypt,FALSE,PoW/PoS,,2500000000,2500000000.00,575
ODNT,Old Dogs New Tricks,SHA-256D,TRUE,PoW/PoS,,21000000,21000000.00,576
EUC,Eurocoin,SHA-256,TRUE,PoW/PoS,12416554,20000000,20000000.00,577
CCX,CoolDarkCoin,Scrypt,TRUE,PoW/PoS,,11052632,11052632.00,578
BCF,BitcoinFast,Scrypt,TRUE,PoW/PoS,20244023.64,33000000,33000000.00,579
SEEDS,SeedShares,SHA-256D,TRUE,PoW/PoS,,7996400,7996400.00,580
XSN,Stakenet,X11,TRUE,TPoS,75590369,76500000,76500000.00,581
BCCOIN,BitConnect Coin,Scrypt,TRUE,PoW/PoS,11080722.38,28000000,28000000.00,582
SHORTY,ShortyCoin,PoS,TRUE,PoS,,100000000,100000000.00,583
PCM,Procom,Scrypt,TRUE,PoW,,28000000,28000000.00,584
CORAL,CoralPay,X13,TRUE,PoS,,21000000,21000000.00,585
MONEY,MoneyCoin,Scrypt,TRUE,PoW/PoS,10914418,650659833,650659833.00,586
HSP,Horse Power,Scrypt,TRUE,PoW,,2900000,2900000.00,587
HZT,HazMatCoin,Scrypt,TRUE,PoW/PoS,,100000000,100000000.00,588
CRSP,CryptoSpots,DPoS,TRUE,DPoS,,0,0.00,589
ICON,Iconic,PoS,TRUE,PoS,,520000,520000.00,590
NIC,NewInvestCoin,PoS,TRUE,PoS,,47090909,47090909.00,591
ACN,AvonCoin,PoS,TRUE,PoS,,1000000000,1000000000.00,592
XNG,Enigma,X11,TRUE,PoW/PoS,814671,5000000,5000000.00,593
XCI,Cannabis Industry Coin,CryptoNight,TRUE,PoW,978145,21000000,21000000.00,594
LOOK,LookCoin,X11,TRUE,PoW/PoS,,1613150000,1613150000.00,595
MIS,MIScoin,X11,TRUE,PoW/PoS,,25000000,25000000.00,596
WOP,WorldPay,X11,TRUE,PoW/PoS,,10000000,10000000.00,597
CQST,ConquestCoin,X13,TRUE,PoW/PoS,,30000000,30000000.00,598
CHIEF,TheChiefCoin,Scrypt,TRUE,PoW/PoS,,2500000000,2500000000.00,599
RC,Russiacoin,Scrypt,TRUE,PoW/PoS,8377873,144000000,144000000.00,600
PND,PandaCoin,Scrypt,TRUE,PoS,33813143822,32514916898,32514916898.00,601
ECAD,Canada eCoin,Scrypt,TRUE,PoW,,100000000,100000000.00,602
OPTION,OptionCoin,X11,TRUE,PoS,,21000000,21000000.00,603
AV,Avatar Coin,PoS,TRUE,PoS,,10000000,10000000.00,604
LTD,Limited Coin,PoS,TRUE,PoS,,128,128.00,605
UNITS,GameUnits,Scrypt,TRUE,PoW/PoS,3472983,13000000,13000000.00,606
GAKH,GAKHcoin,Scrypt,TRUE,PoW/PoS,3315789,3315789,3315789.00,607
S8C,S88 Coin,Scrypt,TRUE,PoW/PoS,,520000000,520000000.00,608
ASAFE2,Allsafe,Quark,TRUE,PoS,10517772.74,15000000,15000000.00,609
LTCR,LiteCreed,QuBit,TRUE,PoW/PoS,30227750,78835200,78835200.00,610
XPRO,ProCoin,X15,TRUE,PoW/PoS,,6000000,6000000.00,611
ASTR,Astral,X13,TRUE,PoW/PoS,,37875500,37875500.00,612
GIFT,GiftNet,X13,TRUE,PoW,,6750000,6750000.00,613
VIDZ,PureVidz,PoS,TRUE,PoS,,125000000,125000000.00,614
INC,Incrementum,PoS,TRUE,PoS,,1300000,1300000.00,615
PTA,PentaCoin,SHA-256,TRUE,PoW/PoS,,1311955,1311955.00,616
ACID,AcidCoin,SHA-256,TRUE,PoW,,4500000000,4500000000.00,617
RNC,ReturnCoin,X11,TRUE,PoS,,250000000,250000000.00,618
TWIST,TwisterCoin,X11,TRUE,PoW/PoS,,3195000,3195000.00,619
PAYP,PayPeer,X11,TRUE,PoW/PoS,,50000000000,50000000000.00,620
LENIN,LeninCoin,SHA-256D,TRUE,PoW,,100000000,100000000.00,621
MRSA,MrsaCoin,X13,TRUE,PoW/PoS,,2100000000,2100000000.00,622
OS76,OsmiumCoin,Scrypt,TRUE,PoW,894026,2714286,2714286.00,623
BIC,Bikercoins,CryptoNight,TRUE,PoW,9357088,25000000,25000000.00,624
CRPS,CryptoPennies,X11,TRUE,PoS,,1593.15,1593.15,625
NTCC,NeptuneClassic,X11,TRUE,PoW/PoS,0,250000000,250000000.00,626
HXX,HexxCoin,Lyra2RE,TRUE,PoW,1876146.444,9999999,9999999.00,627
SPKTR,Ghost Coin,SHA-256,TRUE,PoW/PoS,,2270000,2270000.00,628
MAC,MachineCoin,Time Travel,TRUE,PoW,,35000000,35000000.00,629
SEL,SelenCoin,PoS,TRUE,PoS,,159680000,159680000.00,630
NOO,Noocoin,PoS,TRUE,PoS,,25000000,25000000.00,631
CHAO,23 Skidoo,SHA-256D,TRUE,PoW,,23,23.00,632
XGB,GoldenBird,X13,TRUE,PoW/PoS,0,450000000,450000000.00,633
YMC,YamahaCoin,Scrypt,TRUE,PoW,,315000000,315000000.00,634
JOK,JokerCoin,Scrypt,TRUE,PoW/PoS,,5000000000,5000000000.00,635
GBIT,GravityBit,Scrypt,TRUE,PoW/PoS,,5333000,5333000.00,636
TEC,TeCoin,Multiple,TRUE,PoW,,469521976,469521976.00,637
BOMBC,BombCoin,Scrypt,TRUE,PoW/PoS,,4516129032,4516129032.00,638
RIDE,Ride My Car,PoS,TRUE,PoS,0,100000000,100000000.00,639
KED,Klingon Empire Darsek,Scrypt,TRUE,PoW/PoS,23965372,500000000,500000000.00,640
IOP,Internet of People,SHA-256,TRUE,PoW/PoS,2526078.475,21000000,21000000.00,641
ELS,Elysium,Scrypt,TRUE,PoW,,18000000,18000000.00,642
KUSH,KushCoin,X11,TRUE,PoW/PoS,5659096.957,9354000,9354000.00,643
ERY,Eryllium,X11,TRUE,PoW/PoS,0,100000000,100000000.00,644
OPES,Opes,Argon2,TRUE,PoW,,52000000,52000000.00,645
RATIO,Ratio,PoS,TRUE,PoS,,100000000,100000000.00,646
SMF,SmurfCoin,Scrypt,TRUE,PoW/PoS,,2500000000,2500000000.00,647
TECH,TechCoin,X13,TRUE,PoW/PoS,,300000,300000.00,648
CIR,CircuitCoin,SHA-256D,TRUE,PoW/PoS,,3125000000,3125000000.00,649
LEPEN,LePenCoin,SHA-256,TRUE,PoS,,1000000000,1000000000.00,650
MARX,MarxCoin,X11,TRUE,PoW,0,100640000,100640000.00,651
HAZE,HazeCoin,Scrypt,TRUE,PoW,,25000000,25000000.00,652
PRX,Printerium,Scrypt,TRUE,PoW/PoS,11821728,20000000,20000000.00,653
PAC,PacCoin,X11,TRUE,PoW,536982074,1.00E+11,100000000000.00,654
IMPCH,Impeach,Scrypt,TRUE,PoW/PoS,308179,21933333,21933333.00,655
ERR,ErrorCoin,Scrypt,TRUE,PoW,,81000000,81000000.00,656
TIC,TrueInvestmentCoin,Scrypt,TRUE,PoW/PoS,,53200000,53200000.00,657
NUKE,NukeCoin,PoS,TRUE,PoS,,2778196,2778196.00,658
SFC,Solarflarecoin,Scrypt,TRUE,PoW,0,20000000,20000000.00,659
JANE,JaneCoin,X11,TRUE,PoW/PoS,,2100000000,2100000000.00,660
PARA,ParanoiaCoin,Scrypt,TRUE,PoW,,72000000,72000000.00,661
MM,MasterMint,X11,TRUE,PoS,,1500000000,1500000000.00,662
CTL,Citadel,CryptoNight-V7,TRUE,PoW,10969318.52,185000000,185000000.00,663
ZBC,Zilbercoin,Scrypt,TRUE,PoS,2922613.964,55000000,55000000.00,664
FRST,FirstCoin,Scrypt,TRUE,PoW/PoS ,110000000,110000000,110000000.00,665
ORO,OroCoin,Scrypt,TRUE,PoW,,23529412,23529412.00,666
ALEX,Alexandrite,SHA-256,TRUE,PoW/PoS,,1268000,1268000.00,667
TBCX,TrashBurn,SHA-256D,TRUE,PoS,,9000000,9000000.00,668
MCAR,MasterCar,Scrypt,TRUE,PoW/PoS,,2991837,2991837.00,669
THS,TechShares,DPoS,TRUE,DPoS,,600000000,600000000.00,670
ACES,AcesCoin,X13,TRUE,PoS,,100000000,100000000.00,671
UAEC,United Arab Emirates Coin,X11,FALSE,PoW/PoS,,10000000,10000000.00,672
EA,EagleCoin,SHA-256,TRUE,PoW,,40000000,40000000.00,673
CREA,CreativeChain,Keccak,TRUE,PoW,0,115000000,115000000.00,674
BVC,BeaverCoin,Scrypt,TRUE,PoW,3115258,3360000,3360000.00,675
FIND,FindCoin,X13,TRUE,PoS,14524851.48,14524851.48,14524851.48,676
MLITE,MeLite,SHA-256D,TRUE,PoW/PoS,,1000000,1.000.000,677
STALIN,StalinCoin,X11,TRUE,PoW/PoS,,3000000000,3000000000.00,678
TSE,TattooCoin,Scrypt,TRUE,PoW/PoS,,500000000,500000000.00,679
VLTC,VaultCoin,X11,TRUE,PoW,30385540,1000000000,1000000000.00,680
BIOB,BioBar,SHA-256D,TRUE,PoW/PoS,,60000000,60000000.00,681
ZER,Zero,Equihash,TRUE,PoW,6921653.9,17000000,17000000.00,682
CHAT,OpenChat,Scrypt,TRUE,PoW/PoS,1000000000,1000000000,1000000000.00,683
CDN,Canada eCoin,Scrypt,TRUE,PoW,99843408.32,100000000,100000000.00,684
ZOI,Zoin,Lyra2RE,TRUE,PoW,18545757.5,21000000,21000000.00,685
HONEY,Honey,Blake2S,TRUE,PoW/PoS,,7000000,7000000.00,686
MXT,MartexCoin,X13,TRUE, PoW/PoS,,5000000,5000000.00,687
MUSIC,Musicoin,Ethash,TRUE,PoW,0,454898394,454898394.00,688
VEG,BitVegan,PoS,TRUE,PoS,,600000000,600000000.00,689
MBIT,Mbitbooks,Scrypt,TRUE,PoW,,81000000,81000000.00,690
ZENI,Zennies,Scrypt,TRUE,PoS,,1000000000,1000000000.00,691
PLANET,PlanetCoin,Scrypt,TRUE,PoW/PoS,,1000000,1000000.00,692
DUCK,DuckDuckCoin,Scrypt,TRUE,PoW,,121,121.00,693
BNX,BnrtxCoin,X11,TRUE,PoW,0,210000000,210000000.00,694
RNS,RenosCoin,Scrypt,TRUE,PoS,36050365,34426423,34426423.00,695
DBIX,DubaiCoin,Dagger-Hashimoto,TRUE,PoW,2232901,2232901,2232901.00,696
XVP,VirtacoinPlus,X11,TRUE,PoW/PoS,13162749.09,100000000,100000000.00,697
BOAT,Doubloon,536,TRUE,PoW/PoS,,500000000,500000000.00,698
TAJ,TajCoin,Blake2S,TRUE,PoW/PoS,12184195.93,36900000,36900000.00,699
IMX,Impact,X11,TRUE,PoW/PoS,110630387.9,110000000,110000000.00,700
CJC,CryptoJournal,PoS,TRUE,PoS,,100000000,100000000.00,701
AMY,Amygws,Scrypt,TRUE,PoW,,23333333,23333333.00,702
QBT,Cubits,SHA-256,TRUE,PoW/PoS,,300000000,300000000.00,703
EB3,EB3coin,Scrypt,TRUE,PoW,64096052,4000000000,4000000000.00,704
XVE,The Vegan Initiative,PoS,TRUE,PoS,,50000000,50000000.00,705
APT,Aptcoin,Scrypt-n,TRUE,PoW,,42000000,42000000.00,706
BLAZR,BlazerCoin,Scrypt,TRUE,PoW,,294336000,294336000.00,707
UNI,Universe,Scrypt,TRUE,PoS,0,112000000,112000000.00,708
ECOC,ECOcoin,Scrypt,TRUE,PoW/PoS,,10733333,10733333.00,709
DARK,Dark,SHA-256,TRUE,PoW/PoS,,12800000,12800000.00,710
DON,DonationCoin,Scrypt,TRUE,PoW,,90000000,90000000.00,711
ATMOS,Atmos,PoS,TRUE,PoS,111135836.9,110290030,110290030.00,712
HPC,HappyCoin,X11,TRUE,PoW/PoS,21521322.01,100000000,100000000.00,713
CXT,Coinonat,NIST5,TRUE,PoW,10123200,48252000,48252000.00,714
MCRN,MacronCoin,PoS,TRUE,PoS,401421401,400000000,400000000.00,715
RAIN,Condensate,X11,TRUE,PoW/PoS,121665451.6,500000000,500000000.00,716
IEC,IvugeoEvolutionCoin,Scrypt,TRUE,PoW,,100000000,100000000.00,717
IMS,Independent Money System,Scrypt,TRUE,PoW/PoS,5368934,21212121,21212121.00,718
ARGUS,ArgusCoin,Scrypt,TRUE,PoW/PoS,1148324,28600000,28600000.00,719
LMC,LomoCoin,Scrypt,TRUE,PoW/PoS,500000,1000000000,1000000000.00,720
BTCS,Bitcoin Scrypt,Scrypt,TRUE,PoW,0,21000000,21000000.00,721
PROC,ProCurrency,SHA-256,TRUE,PoS,100545745,75000000000,75000000000.00,722
XGR,GoldReserve,X11,TRUE,PoW/PoS,17171382,40000000,40000000.00,723
BENJI,BenjiRolls,Scrypt,TRUE,PoW,20276099.15,35520400,35520400.00,724
DUO,ParallelCoin,Scrypt,TRUE,PoW,0,1000000,1000000.00,725
GRW,GrowthCoin,Scrypt,TRUE,PoS,295135466.4,2000000000,2000000000.00,726
ILC,ILCoin,SHA-256,TRUE,PoW,1317747500,2500000000,2500000000.00,727
PZM,Prizm,SHA-256,TRUE,PoS,,6.00E+14,600000000000000.00,728
PHR,Phreak,PoS,TRUE,PoS,11390225.97,30000000,30000000.00,729
PUPA,PupaCoin,Blake2S,TRUE,PoW/PoS,,3500000000,3500000000.00,730
RICE,RiceCoin,X13,TRUE,PoW/PoS,,10000000,10000000.00,731
XCT,C-Bits,SHA-256,TRUE,PoW,,210000000,210000000.00,732
DEA,Degas Coin,Scrypt,TRUE,PoW/PoS,21358764,105000000,105000000.00,733
ZSE,ZSEcoin,X11,TRUE,PoW/PoS,0,2093500000,2093500000.00,734
TAP,TappingCoin,X11,TRUE,PoW/PoS,,5000000000,5000000000.00,735
MUU,MilkCoin,SHA-256,TRUE,PoW/PoS ,,4500000000,4500000000.00,736
INF8,Infinium-8,CryptoNight,FALSE,PoW,,0,0.00,737
HTML5,HTML5 Coin,X15,TRUE,PoW/PoS,40659020000,90000000000,90000000000.00,738
SBSC,Subscriptio,PoS,TRUE,PoS,,10000000,10000000.00,739
USC,Ultimate Secure Cash,SHA-256,TRUE,PoS,10343113,200084200,200084200.00,740
DUX,DuxCoin,Scrypt,TRUE,PoW/PoS,,1680000000,1680000000.00,741
XPS,PoisonIvyCoin,Scrypt,TRUE,PoW/PoS,,4666666667,4666666667.00,742
EQT,EquiTrader,Scrypt,TRUE,PoW,13673406.43,72000000,72000000.00,743
MNTC,Manet Coin,Scrypt,TRUE,PoW/PoS,,215000000,215000000.00,744
HAMS,HamsterCoin,Scrypt,TRUE,PoW,,20000000,20000000.00,745
QTUM,QTUM,POS 3.0,TRUE,PoS,100000000,100000000,100000000.00,746
NEF,NefariousCoin,Scrypt,TRUE,PoW/PoS,,4835000000,4835000000.00,747
QRL,Quantum Resistant Ledger,CryptoNight-V7,TRUE,PoW,69036016.83,105000000,105000000.00,748
ESP,Espers,536,TRUE,PoW/PoS,22801882871,50000000000,50000000000.00,749
DYN,Dynamic,Argon2d,TRUE,PoW,19784224.65,0,0.00,750
NANO,Nano,Blake2b,TRUE,PoW,133248297,340282367,340282367.00,751
CHAN,ChanCoin,Cloverhash,TRUE,PoW,18407259.09,30000000,30000000.00,752
DCY,Dinastycoin,CryptoNight,TRUE,PoW,1809467143,2000000000,2000000000.00,753
DNR,Denarius,NIST5,TRUE,PoW/PoS,4171382,10000000,10000000.00,754
DP,DigitalPrice,X11,TRUE,PoW,35138975,100000000,100000000.00,755
VUC,Virta Unique Coin,NIST5,TRUE,PoW/PoS,62942075,120000000,120000000.00,756
BTPL,Bitcoin Planet,Skein,TRUE,PoW/PoS,6804362,100000000,100000000.00,757
UNIFY,Unify,Scrypt,TRUE,PoW,18133195,19276800,19276800.00,758
BRIT,BritCoin,X13,TRUE,PoW/PoS,21268092,30000000,30000000.00,759
SOCC,SocialCoin,Scrypt,TRUE,PoW,5167775,75000000,75000000.00,760
OTX,Octanox,X11,TRUE,PoW/PoS,0,7905634,7905634.00,761
ARC,ArcticCoin,X11,TRUE,PoW,26042364.37,60000000,60000000.00,762
BOG,Bogcoin,SHA-256,TRUE,PoW,,21212121,21212121.00,763
SAND,BeachCoin,X11,TRUE,PoW,,21000000,21000000.00,764
DAS,DAS,X11,TRUE,PoW,2622886,18900000,18900000.00,765
LINDA,Linda,Scrypt,TRUE,PoW/PoS,9044930943,50000000000,50000000000.00,766
XLC,LeviarCoin,CryptoNight,TRUE,PoW,14161803,54000000,54000000.00,767
ONION,DeepOnion,X13,TRUE,PoW/PoS,21917018.05,18898187.62,18898187.62,768
BTX,Bitcore,Time Travel,TRUE,PoW,17801865.16,21000000,21000000.00,769
GCN,gCn Coin,Scrypt,TRUE,PoW,1.63E+11,2.00E+11,200000000000.00,770
SMART,SmartCash,Keccak,TRUE,PoW,2241009149,5000000000,5000000000.00,771
SIGT,Signatum,SkunkHash v2 Raptor,TRUE,PoS,107972766,137500000,137500000.00,772
ONX,Onix,X11,TRUE,PoW,122475638.4,1100000000,1100000000.00,773
WINK,Wink,PoS,TRUE,PoS,,80000000,80000000.00,774
CRM,Cream,Skein,TRUE,PoW/PoS,47331802.48,100000000,100000000.00,775
BCH,Bitcoin Cash,SHA-256,TRUE,PoW,17995589.65,21000000,21000000.00,776
BMXT,Bitmxittz,Scrypt,FALSE,PoW/PoS,,10000,10000.00,777
XMCC,Monoeci,X11,TRUE,PoW/PoS,12569262.54,9507271,9507271.00,778
CMPCO,CampusCoin,Scrypt,TRUE,PoW,0,1010000000,1010000000.00,779
DFT,Draftcoin,Scrypt,TRUE,PoS,18663297.35,17405891.2,17405891.20,780
VET,Vechain,VeChainThor Authority,TRUE,Proof of Authority,55454734800,86712634466,86712634466.00,781
SOJ,Sojourn Coin,Scrypt,TRUE,PoW,485214,10500000000,10500000000.00,782
STCN,Stakecoin,PoS,TRUE,PoS,4000000,61599965,61599965.00,783
NYC,NewYorkCoin,Scrypt,TRUE,PoW,1.43E+11,0,0.00,784
LBTC,LiteBitcoin,Scrypt,TRUE,PoW,0,1000000000,1000000000.00,785
FRAZ,FrazCoin,Scrypt,TRUE,PoW,9704042,20000000,20000000.00,786
KRONE,Kronecoin,Scrypt,TRUE,PoW,17453749.4,84000000,84000000.00,787
ACC,AdCoin,Scrypt,TRUE,PoW,32646731.06,100000000,100000000.00,788
LINX,Linx,Scrypt,TRUE,PoW,33716526,100000000,100000000.00,789
XCXT,CoinonatX,Scrypt,TRUE,PoW/PoS,19539588,48252000,48252000.00,790
BLAS,BlakeStar,Blake2S,TRUE,PoW/PoS,,2400000000,2400000000.00,791
ETHD,Ethereum Dark,Scrypt,TRUE,PoW/PoS,4200000,4200000,4200000.00,792
SUMO,Sumokoin,CryptoNight,TRUE,PoW,8946653,88888888,88888888.00,793
ODN,Obsidian,SHA-512,TRUE,PoS,25000000,91388946,91388946.00,794
ADA,Cardano,Ouroboros,TRUE,PoS,25927070538,45000000000,45000000000.00,795
REC,Regalcoin,X11,TRUE,PoW/PoS,7262402.043,27000000,27000000.00,796
BTCZ,BitcoinZ,Equihash,TRUE,PoW,5211553258,21000000000,21000000000.00,797
NTM,NetM,Scrypt,TRUE,PoW,,1.01E+11,101000000000.00,798
TZC,TrezarCoin,NeoScrypt,TRUE,PoW/PoS,182638400,400000000,400000000.00,799
ELM,Elements,X11,TRUE,PoW,2702855669,1800000000,1800000000.00,800
TER,TerraNovaCoin,Scrypt,TRUE,PoW/PoS,1140734.917,15733333,15733333.00,801
VIVO,VIVO Coin,NeoScrypt,TRUE,PoW,4165967.575,27000000,27000000.00,802
RGC,RG Coin,NIST5,TRUE,PoW/PoS,,300000000,300000000.00,803
RUP,Rupee,Lyra2REv2,TRUE,PoS,24000000,24000000,24000000.00,804
BTG,Bitcoin Gold,Equihash,TRUE,PoW,17202361.09,21000000,21000000.00,805
WOMEN,WomenCoin,Scrypt,TRUE,PoW/PoS,48459472454,25000000000,25000000000.00,806
MAY,Theresa May Coin,SHA-256,TRUE,PoW/PoS,92050800,100000000,100000000.00,807
EDDIE,Eddie coin,Scrypt,TRUE,PoW/PoS,,1000000000,1000000000.00,808
NAMO,NamoCoin,NIST5,TRUE,PoW/PoS,560563220,1200000000,1200000000.00,809
LUX,LUXCoin,PHI1612,TRUE,PoW/PoS,8305775.318,60000000,60000000.00,810
PIRL,Pirl,Dagger,TRUE,PoW,33986980,156306732.7,156306732.70,811
XIOS,Xios,Scrypt,TRUE,PoW/PoS,2149688,21000000,21000000.00,812
BTDX,Bitcloud 2.0,Quark,TRUE,PoW/PoS,30711550.53,200000000,200000000.00,813
EBST,eBoost,Scrypt,TRUE,PoW,99990001.49,100000000,100000000.00,814
KEK,KekCoin,POS 2.0,TRUE,PoS,12330806.31,21000000,21000000.00,815
BLHC,BlackholeCoin,Scrypt,TRUE,PoW/PoS,16362544.99,14788275.99,14788275.99,816
ALTCOM,AltCommunity Coin,SkunkHash,TRUE,PoW/PoS,0,5000000,5000000.00,817
PURE,Pure,X11,TRUE,PoW/PoS,0,3686860,3686860.00,818
RUPX,Rupaya,Quark,TRUE,PoS,0,75000000,75000000.00,819
XIN,Infinity Economics,SHA-256,TRUE,PoS,8999999990,9000000000,9000000000.00,820
HNCN,Huncoin,X13,FALSE,PoW,,86400000,86400000.00,821
MADC,MadCoin,Scrypt,TRUE,PoW,,10000000,10000000.00,822
PURA,Pura,X11,TRUE,PoW,175215859,350000000,350000000.00,823
INN,Innova,NeoScrypt,TRUE,PoW,6375259.04,45000000,45000000.00,824
BDL,Bitdeal,Scrypt,TRUE,PoW,0,300000000,300000000.00,825
WSC,WiserCoin,Scrypt,FALSE,PoW,,22105263,22105263.00,826
MSR,Masari,CryptoNight,TRUE,PoW,,18500000,18500000.00,827
ELLA,Ellaism,Ethash,TRUE,PoW,12756367,280000000,280000000.00,828
SKR,Sakuracoin,Scrypt,TRUE,PoW,0,105100000,105100000.00,829
ISH,Interstellar Holdings,Scrypt,FALSE,PoS,0,1970000000,1970000000.00,830
GBX,GoByte,NeoScrypt,TRUE,PoW,5832306.875,31800000,31800000.00,831
CSTL,Castle,Quark,TRUE,DPoS,0,50000000,50000000.00,832
ICC,Insta Cash Coin,SHA-256,FALSE,PoW,0,300000000,300000000.00,833
ALQO,Alqo,Quark,FALSE,PoW/PoS,65269530.1,57879300,57879300.00,834
KNGN,KingN Coin,Scrypt,FALSE,PoW/PoS,,420000,420000.00,835
MAG,Magnet,X11,TRUE,PoW/PoS,38198594.83,144000000,144000000.00,836
TAU,Lamden Tau,DPoS,TRUE,DPoS,288090567.5,500000000,500000000.00,837
ECA,Electra,NIST5,TRUE,PoW/PoS,28399150208,30000000000,30000000000.00,838
BCD,Bitcoin Diamond,X13,TRUE,PoW/PoS,183534024.9,210000000,210000000.00,839
VOT,Votecoin,Equihash,TRUE,PoW,,220000000,220000000.00,840
XSH,SHIELD,Multiple,TRUE,PoW,481730566.6,660000000,660000000.00,841
BCO*,BridgeCoin,Scrypt,FALSE,PoW,0,27000000,27000000.00,842
DSR,Desire,NeoScrypt,TRUE,PoW,,22000000,22000000.00,843
MUT,Mutual Coin,Scrypt,FALSE,PoW/PoS,0,1000000000,1000000000.00,844
CNBC,Cash & Back Coin,Scrypt,TRUE,PoW/PoS,110976977.3,210000000,210000000.00,845
XUN,UltraNote,CryptoNight,TRUE,PoW,19281821413,85000000000,85000000000.00,846
MAN,People,Scrypt,TRUE,PoW,,7500000000,7500000000.00,847
ACHN,Achain,DPoS,TRUE,DPoS,,1000000000,1000000000.00,848
NRO,Neuro,SHA-256,FALSE,PoW/PoS,,20000000,20000000.00,849
SEND,Social Send,Quark,TRUE,PoW/PoS,,150000000,150000000.00,850
COAL,BitCoal,CryptoNight,TRUE,PoW,4500000,12500000,12500000.00,851
DAXX,DaxxCoin,Ethash,TRUE,PoW,520891780,10000000000,10000000000.00,852
BWK,Bulwark,NIST5,TRUE,PoS,13247178.88,27716121,27716121.00,853
BOXY,BoxyCoin,Scrypt,FALSE,PoW,5761512.81,100000000,100000000.00,854
SBTC,Super Bitcoin,SHA-256,TRUE,PoW,,21210000,21210000.00,855
KLKS,Kalkulus,Quark,TRUE,PoS,16955764.9,20000000,20000000.00,856
AC3,AC3,X11,TRUE,PoW,80316207,550000000,550000000.00,857
CHIPS,CHIPS,SHA-256,TRUE,PoW,0,21000000,21000000.00,858
LTHN,Lethean,CryptoNight-V7,TRUE,PoW,441250233.4,999481516,999481516.00,859
GER,GermanCoin,Scrypt,TRUE,PoW/PoS,4911500269,50000000000,50000000000.00,860
LTCU,LiteCoin Ultra,Scrypt,TRUE,PoW/PoS,8419402.321,150000000,150000000.00,861
STAK,Straks,Lyra2REv2,TRUE,PoW,,150000000,150000000.00,862
POP,PopularCoin,Scrypt,TRUE,PoW,3964201249,4999999999,4999999999.00,863
PNX,PhantomX,X11,TRUE,PoW/PoS,45174214.11,50000000,50000000.00,864
HBC,HomeBlockCoin,X11,FALSE,PoW/PoS,0,28000000,28000000.00,865
HTML,HTML Coin,SHA-256,TRUE,PoW/PoS,0,90000000000,90000000000.00,866
PHO,Photon,BLAKE256,TRUE,PoW,30089671531,90000000000,90000000000.00,867
SUCR,Sucre,X11,TRUE,PoW,4229040.504,19800000,19800000.00,868
ACCO,Accolade,Scrypt,FALSE,PoW/PoS,5573908,50000000,50000000.00,869
CPN,CompuCoin,Scrypt,TRUE,PoW,,35000000,35000000.00,870
XFT,Fantasy Cash,Scrypt,TRUE,PoW/PoS,0,4600000,4600000.00,871
OMGC,OmiseGO Classic,Scrypt,FALSE,PoW/PoS,49933217.75,70000000,70000000.00,872
ORE,Galactrum,Lyra2REv2,TRUE,PoW/PoS,,26280000,26280000.00,873
SPK,SparksPay,NeoScrypt,TRUE,PoW,7847417.334,21000000,21000000.00,874
GOA,GoaCoin,NeoScrypt,FALSE,PoW,3982139.246,32000000,32000000.00,875
WAGE,Digiwage,Quark,TRUE,PoS,27299680,120000000,120000000.00,876
GUN,GunCoin,NeoScrypt,TRUE,PoW,299797953,500000000,500000000.00,877
POLIS,PolisPay,X11,TRUE,PoW,,25000000,25000000.00,878
IRL,IrishCoin,Scrypt,TRUE,PoW,45483049.34,64000000,64000000.00,879
TROLL,Trollcoin,Scrypt,TRUE,PoW/PoS,591022748,900000000,900000000.00,880
LCP,Litecoin Plus,Scrypt,TRUE,PoW/PoS,2504486.228,4000000,4000000.00,881
TGCC,TheGCCcoin,X13,TRUE,PoW/PoS,,2400000000,2400000000.00,882
MONK,Monkey Project,X11,TRUE,PoS,4407252,21000000,21000000.00,883
KZC,KZCash,X11,TRUE,PoW,,18000000,18000000.00,884
WCG,World Crypto Gold,SHA-256,TRUE,Proof of Stake,,900000000,900000000.00,885
ECC,ECC,Scrypt,FALSE,PoS,25000000000,25000000000,25000000000.00,886
STN,Steneum Coin,Scrypt,TRUE,PoW,,20000000,20000000.00,887
PCOIN,Pioneer Coin,X11,TRUE,PoW,8478104.34,23000000,23000000.00,888
UBTC,UnitedBitcoin,SHA-256,TRUE,PoW,20166000,20166000,20166000.00,889
ITZ,Interzone,C11,TRUE,PoW,11916588.09,23000000,23000000.00,890
XBP,Black Pearl Coin,X13,TRUE,PoW/PoS,,50000000,50000000.00,891
SGL,Sigil,NeoScrypt,FALSE,PoW,0,50000000,50000000.00,892
OPC,OP Coin,Scrypt,TRUE,PoW/PoS,0,2000000000,2000000000.00,893
SHA,Shacoin,SHA-256,TRUE,PoS,,350000000,350000000.00,894
BTW,BitWhite,DPoS,TRUE,DPoS,,60000000,60000000.00,895
CROAT,Croat,CryptoNight,TRUE,PoW,,100467441,100467441.00,896
VAL,Valorbit,Scrypt,TRUE,PoW/PoS,0,9.22E+16,92200000000000000.00,897
TPAY,TokenPay,POS 3.0,TRUE,PoS,20445861.53,25000000,25000000.00,898
CVNG,Crave-NG,SHA-256,TRUE,PoS,,1000000000,1000000000.00,899
MCT,1717 Masonic Commemorative Token,Ethash,TRUE,PoS,1618033,1618033,1618033.00,900
CWIS,Crypto Wisdom Coin,Scrypt,FALSE,PoW,17630550.21,24000000,24000000.00,901
MBC,My Big Coin,Scrypt,TRUE,PoW and PoS,9399342.528,30000000,30000000.00,902
WOBTC,WorldBTC,Scrypt,FALSE,PoW/PoS,,210000000,210000000.00,903
TRTL,TurtleCoin,CryptoNight,TRUE,PoW,53139835214,1.00E+12,1000000000000.00,904
NDLC,NeedleCoin,X11,FALSE,PoS/PoW,,120000000,120000000.00,905
MUN,MUNcoin,SkunkHash,TRUE,PoW,4818338.989,16600000,16600000.00,906
USX,Unified Society USDEX,Scrypt,TRUE,PoW/PoS,234846265.8,232000000,232000000.00,907
BCA,Bitcoin Atom,SHA-256,TRUE,PoW/PoS,,21000000,21000000.00,908
B2X,SegWit2x,X11,TRUE,PoW/PoS,,21000000,21000000.00,909
NBR,Niobio Cash,CryptoNight,TRUE,PoW,133932467.8,336000000,336000000.00,910
SCOOBY,Scooby coin,Scrypt,TRUE,PoW/PoS,,21000000,21000000.00,911
BUN,BunnyCoin,Scrypt,TRUE,PoW,,1.00E+11,100000000000.00,912
BSR,BitSoar Coin,X11,FALSE,PoS,3680297312,3980000000,3980000000.00,913
SKULL,Pirate Blocks,X11,TRUE,PoW/PoS,,240000000,240000000.00,914
BTCP,Bitcoin Private,Equihash,TRUE,PoW,0,21000000,21000000.00,915
SKC,Skeincoin,Skein,TRUE,PoW,0,17000000,17000000.00,916
KRM,Karma,Groestl,TRUE,PoS,,3000000000,3000000000.00,917
CDY,Bitcoin Candy,Equihash,TRUE,PoW,,21000000000,21000000000.00,918
SSS,ShareChain,Scrypt,TRUE,PoW,10000000000,10000000000,10000000000.00,919
CRDNC,Credence Coin,SHA-256,FALSE,PoW/PoS,3427006,25000000,25000000.00,920
TRF,Travelflex,Dagger,TRUE,PoW,107325266,100000000,100000000.00,921
KREDS,KREDS,Lyra2REv2,TRUE,PoW,643795911.5,1100000000,1100000000.00,922
VULC,Vulcano,NIST5,TRUE,PoS/PoW,,421126225,421126225.00,923
TOKC,Tokyo Coin,X13,TRUE,PoS,230298925,800000000,800000000.00,924
BBP,BiblePay,Proof-of-BibleHash,TRUE,POBh,1772091550,5200000000,5200000000.00,925
LCC,LitecoinCash,SHA-256 + Hive,TRUE,PoW + Hive,638382332.2,840000000,840000000.00,926
FLIP,BitFlip,Scrypt,TRUE,PoW,12446100,40000000,40000000.00,927
LOT,LottoCoin,Scrypt,TRUE,PoW,14491014421,18406979840,18406979840.00,928
FUNK,Cypherfunks Coin,Scrypt,TRUE,PoW,,49275000000,49275000000.00,929
LEAF,LeafCoin,Scrypt,TRUE,PoW,0,21000000000,21000000000.00,930
BASHC,BashCoin,Skein,FALSE,PoW/PoS,11661844.47,72000000,72000000.00,931
DGM,DigiMoney,X11,FALSE,PoW/PoS,3521630,25000000,25000000.00,932
CBS,Cerberus,NeoScrypt,TRUE,PoW,0,31500000,31500000.00,933
BTCH,Bitcoin Hush,Equihash,TRUE,PoW,0,21000000,21000000.00,934
LIZ,Lizus Payment,Skein,FALSE,PoW/PoS,2985971,69000000,69000000.00,935
CIF,Crypto Improvement Fund,X11,TRUE,PoW,211297638.5,500000000,500000000.00,936
SPD,Stipend,C11,TRUE,PoW/PoS,11251342.19,19340594,19340594.00,937
POA,Poa Network,Proof-of-Authority,TRUE,PoA,204479039,252460800,252460800.00,938
PUSHI,Pushi,X11,TRUE,PoW/PoS,2167827.1,25000000,25000000.00,939
POKER,PokerCoin,Scrypt,FALSE,PoS/PoW,0,466666667,466666667.00,940
ELP,Ellerium,XEVAN,TRUE,PoW/PoS,419275.38,60000000,60000000.00,941
VLX,Velox,Scrypt,TRUE,PoS,25570013.13,124000000,124000000.00,942
ONT,Ontology,VBFT,TRUE,PoS,650848625,1000000000,1000000000.00,943
CLO,Callisto Network,Ethash,TRUE,PoW,247612453,6500000000,6500000000.00,944
CRU,Curium,X11,TRUE,PoW,0,22000000,22000000.00,945
ELIC,Elicoin,YescryptR16,TRUE,PoW,,10000000,10000000.00,946
TUBE,BitTube,CryptoNight,TRUE,PoW,80049082.91,1000000000,1000000000.00,947
DIN,Dinero,NeoScrypt,TRUE,PoW,0,100000000,100000000.00,948
PSD,Poseidon,Scrypt,TRUE,PoW,4070212.149,21000000,21000000.00,949
LELE,Lelecoin,Curve25519,TRUE,PoS,,1000000000,1000000000.00,950
AKA,Akroma,Ethash,TRUE,PoW,,100000000,100000000.00,951
MANNA,Manna,SHA-256,FALSE,PoW,2360478329,10044655076,10044655076.00,952
ADK,Aidos Kuneen,IMesh,TRUE,PoW,25000000,25000000,25000000.00,953
SERA,Seraph,PHI1612,FALSE,PoW/PoS,1360250,32000000,32000000.00,954
AET,AfterEther,Ethash,FALSE,PoW,,200000000,200000000.00,955
CMOS,Cosmo,Quark,FALSE,PoW,8928876.686,11892000,11892000.00,956
REDN,Reden,X16S,FALSE,PoW,0,14000000,14000000.00,957
TLP,TulipCoin,Scrypt,TRUE,PoW/PoS,,5250000000,5250000000.00,958
BSX,Bitspace,NIST5,TRUE,PoW/PoS,13787854.63,50000000,50000000.00,959
FNO,Fonero,PHI1612,TRUE,PoW,,18400000,18400000.00,960
XSG,Snowgem,Equihash,TRUE,PoW,0,84096000,84096000.00,961
CVTC,CavatCoin,DPoS,FALSE,DPoS,,21000000,21000000.00,962
XTL,Stellite,CryptoNight,FALSE,PoW,,21000000000,21000000000.00,963
BRIA,Briacoin,Scrypt,TRUE,PoW/PoS,845637.8135,3000000,3000000.00,964
IC,Ignition,Scrypt,TRUE,PoW/PoS,1182153.5,5000000,5000000.00,965
MNB,MoneyBag,X11,FALSE,PoS,,50000000,50000000.00,966
BTL,Bitrolium,Equihash,TRUE,PoW,71355477,70000000,70000000.00,967
BCI,Bitcoin Interest,Equihash,TRUE,PoW,0,22300000,22300000.00,968
MEDIC,MedicCoin,Scrypt,TRUE,PoS,267297676.3,500000000,500000000.00,969
FLM,FOLM coin,PHI1612,FALSE,PoW,0,23001916,23001916.00,970
ALPS,Alpenschillling,Lyra2Z,TRUE,PoW,27340501.65,300000000,300000000.00,971
ZEL,Zelcash,Equihash,TRUE,PoW/PoS,0,210000000,210000000.00,972
BITG,Bitcoin Green,Green Protocol,TRUE,PoS,9803691.362,21000000,21000000.00,973
DEV,Deviant Coin,PoS,TRUE,PoS,21876586.85,88000000,88000000.00,974
ABJ,Abjcoin,Scrypt,TRUE,PoW/PoS,9880502.372,30000000,30000000.00,975
RAP,Rapture,NeoScrypt,FALSE,PoW,4478901.292,21000000,21000000.00,976
ANI,Animecoin,Quark,TRUE,PoW,,1976000000,1976000000.00,977
PHC,Profit Hunters Coin,Scrypt,TRUE,PoW/PoS,0,100000000,100000000.00,978
SEM,Semux,Semux BFT consensus,TRUE,DPoS,1231147,100000000,100000000.00,979
BBK,BitBlocks,Scrypt,TRUE,PoW/PoS,0,500000000,500000000.00,980
UWC,Uwezocoin,Scrypt,FALSE,PoW,0,840000000,840000000.00,981
FTO,FuturoCoin,X11,TRUE,PoW,31801461.19,100000000,100000000.00,982
CARE,Carebit,Quark,TRUE,PoW/PoS,139739596.5,200000000,200000000.00,983
NZL,Zealium,PoS,TRUE,PoS,11075254.09,80000000,80000000.00,984
XMC,Monero Classic,CryptoNight,TRUE,PoW,16016864,18400000,18400000.00,985
TIPS,FedoraCoin,Scrypt,TRUE,PoW,,5.00E+11,500000000000.00,986
CHARM,Charm Coin,NeoScrypt,TRUE,PoW,,250000000,250000000.00,987
PROTON,Proton,X16R,TRUE,PoS,4403800,45000000,45000000.00,988
DERO,Dero,CryptoNight,TRUE,PoW,,18400000,18400000.00,989
DEAL,iDealCash,Scrypt,TRUE,PoW/PoS,1404157529,5121951220,5121951220.00,990
JUMP,Jumpcoin,NIST5,TRUE,PoW,21069346.25,21000000,21000000.00,991
INFX,Infinex,Lyra2RE,TRUE,PoW,5097689.711,26280000,26280000.00,992
XBI,Bitcoin Incognito,XEVAN,TRUE,PoS/PoW,10904963.09,21000000,21000000.00,993
KEC,KEYCO,Tribus,TRUE,PoW,795447,18000000,18000000.00,994
SABR,SABR Coin,Scrypt,TRUE,PoW/PoS,,133100000,133100000.00,995
HWC,HollyWoodCoin,Scrypt,TRUE,PoS,38706809.47,26000000,26000000.00,996
GIN,GINcoin,Lyra2Z,TRUE,PoW,6986399.704,10500000,10500000.00,997
XMV,MoneroV,CryptoNight,TRUE,PoW,,256000000,256000000.00,998
PAR,Parlay,Scrypt,FALSE,PoS,3783270,30000000,30000000.00,999
LTCC,Listerclassic Coin,Scrypt,FALSE,PoW/PoS,8094818.389,110000000,110000000.00,1000
AMX,Amero,NeoScrypt,TRUE,PoW/PoS,,15000000,15000000.00,1001
PLTC,PlatinCoin,CryptoNight,TRUE,PoW,84300,600000518,600000518.00,1002
KNG,BetKings,X11,FALSE,PoS,11359634.65,8148139,8148139.00,1003
COG,Cognitio,SHA-256D,FALSE,PoW/PoS,658584.4616,7500000,7500000.00,1004
BEN,BitCOEN,SHA-256,TRUE,Limited Confidence Proof-of-Activity ,,100000000,100000000.00,1005
LOKI,Loki,CryptoNight Heavy,TRUE,PoW,19153632,150000000,150000000.00,1006
NCP,Newton Coin,CryptoNight,TRUE,PoW,41294520017,1.84E+11,184000000000.00,1007
STAX,Staxcoin,Scrypt,TRUE,PoW/PoS,,43500000,43500000.00,1008
MRN,Mercoin,Scrypt,FALSE,PoW/PoS,25330252.32,100000000,100000000.00,1009
SIC,Swisscoin,Scrypt,TRUE,PoW/PoS,10200000000,10200000000,10200000000.00,1010
EXCC,ExchangeCoin,Equihash,FALSE,PoW,0,32000000,32000000.00,1011
REL,Reliance,X11,FALSE,PoS,7256580,62000000,62000000.00,1012
BTCN,BitcoiNote,CryptoNight,TRUE,PoW,,21000000,21000000.00,1013
XT3,Xt3ch,Scrypt,TRUE,PoS,7630000.015,44000000,44000000.00,1014
MGD,MassGrid,Jump Consistent Hash,TRUE,PoW,135862416,168000000,168000000.00,1015
VIG,TheVig,SHA-256D,TRUE,PoW/PoS,33238183.72,100000000,100000000.00,1016
PLURA,PluraCoin,CryptoNight,TRUE,PoW,560085952.4,1000000000,1000000000.00,1017
EMAR,EmaratCoin,Scrypt,TRUE,PoW/PoS,21599339.67,84000000,84000000.00,1018
XTNC,XtendCash,Wild Keccak,FALSE,PoW,,100000000,100000000.00,1019
ROE,Rover Coin,X11,TRUE,PoW/PoS,,60000000,60000000.00,1020
LTCP,LitecoinPro,Scrypt,TRUE,PoW,,17500000,17500000.00,1021
DKD,Dekado,X15,TRUE,PoS,30284196.37,90000000,90000000.00,1022
LYNX,Lynx,Scrypt,TRUE,HPoW,77872059788,92000000000,92000000000.00,1023
POSQ,Poseidon Quark,Quark,TRUE,PoS,2716264.953,650000000,650000000.00,1024
YCE,MYCE,Scrypt,FALSE,PoW/PoS,63613903.88,250000000,250000000.00,1025
ARO,Arionum,SHA-512,FALSE,PoW,60045900,545399000,545399000.00,1026
BWS,BitcoinWSpectrum,SHA-256,TRUE,PoS,57811001,100262205,100262205.00,1027
BTCC,Bitcoin Core,SHA-256,TRUE,PoW,,21000000,21000000.00,1028
GOLF,GolfCoin,SHA-256D,FALSE,PoW/PoS,0,1713134800,1713134800.00,1029
MUSE,Muse,DPoS,TRUE,PoS,18194936,18081806,18081806.00,1030
XMN,Motion,X16R,TRUE,PoW,8125865.021,22075700,22075700.00,1031
PLUS1,PlusOneCoin,HMQ1725,TRUE,PoW,8645406.168,21000000,21000000.00,1032
AXE,Axe,X11,TRUE,PoW,4993030.697,21000000,21000000.00,1033
GMCN,GambleCoin,Scrypt,FALSE,PoS,8240763.495,15600000,15600000.00,1034
TRVC,Trivechain,X16R,TRUE,PoW/PoS,36923120.62,82546564,82546564.00,1035
DTEM,Dystem,Quark,TRUE,PoS,7082392.247,21000000,21000000.00,1036
GIC,Giant,Quark,TRUE,PoW/PoS,5919489.768,5151000,5151000.00,1037
PNY,Peony Coin,Scrypt,TRUE,PoS,1042012.452,16880000000,16880000000.00,1038
SAFE,SafeCoin,Zhash,TRUE,PoW/PoS,0,36000000,36000000.00,1039
ABS,Absolute Coin,Lyra2REv2,TRUE,PoW/PoS,13332617.94,52500000,52500000.00,1040
VITAE,Vitae,Quark,TRUE,PoS,66053877.63,100000000,100000000.00,1041
BSPM,Bitcoin Supreme,Scrypt,TRUE,PoS,,21000000,21000000.00,1042
XGS,GenesisX,XEVAN,FALSE,PoS,0,19000000,19000000.00,1043
BIM,BitminerCoin,CryptoNight,FALSE,PoW,0,50000000,50000000.00,1044
HEX,HexCoin,Scrypt,TRUE,PoW,1416663.066,22105263,22105263.00,1045
DEI,Deimos,Scrypt,FALSE,PoW,269143950.6,1000000000,1000000000.00,1046
TPC,TPCash,Scrypt,TRUE,PoW/PoS,5403802.496,1000000000,1000000000.00,1047
OYS,Oyster Platform,X11,FALSE,PoS,,25000000,25000000.00,1048
WEBC,Webchain,CryptoNight-V7,TRUE,PoW,15580199.31,1750000000,1750000000.00,1049
RYO,Ryo,Cryptonight-GPU,TRUE,PoW,4890897,88188888,88188888.00,1050
MUSD,MUSDcoin,Scrypt,TRUE,PoW/PoS,0,100000000,100000000.00,1051
URALS,Urals Coin,XEVAN,TRUE,PoW,14746153.1,210000000,210000000.00,1052
QWC,Qwertycoin,CryptoNight Heavy,TRUE,PoW,99553110529,1.84E+11,184000000000.00,1053
BITN,Bitcoin Nova,CryptoNight,FALSE,PoW,484454200,1000000000,1000000000.00,1054
ARE,ARENON,X11,TRUE,PoS,19269509.94,55000000,55000000.00,1055
DACASH,DACash,X11,FALSE,PoW,26709236.76,50000000,50000000.00,1056
EUNO,EUNO,X11,TRUE,PoW/PoS,30771125.98,50000000,50000000.00,1057
MMO,MMOCoin,Scrypt,TRUE,PoS,107763867.9,260000000,260000000.00,1058
DASC,DasCoin,DPoS,TRUE,DPoS,,8589934592,8589934592.00,1059
KETAN,Ketan,PoS,TRUE,PoS,9327131.597,210000000,210000000.00,1060
NIX,NIX,Lyra2REv2,TRUE,PoW,0,175000000,175000000.00,1061
ITA,Italocoin,CryptoNight Heavy,FALSE,PoW,,18446744,18446744.00,1062
XSTC,Safe Trade Coin,Scrypt,TRUE,PoS,0,840000000,840000000.00,1063
PPAI,Project Pai,SHA-256,TRUE,PoW,2100000000,2100000000,2100000000.00,1064
MBLC,Mont Blanc,Scrypt,TRUE,PoS,0,70000000,70000000.00,1065
XDNA,XDNA,Keccak,TRUE,PoW/PoS,4672513.844,366000000,366000000.00,1066
PAXEX,PAXEX,X11,TRUE,PoS,4504639,100000000,100000000.00,1067
DIT,Ditcoin,CryptoNight,TRUE,PoW,,37000000,37000000.00,1068
AZART,Azart,X11,TRUE,PoW,5015881.373,25000000,25000000.00,1069
AOP,Averopay,Tribus,FALSE,PoW/PoS,1859475.61,36500000,36500000.00,1070
XAP,Apollon,Quark,TRUE,PoW/PoS,0,250000000,250000000.00,1071
TSC,ThunderStake,Scrypt,TRUE,PoW/PoS,1059954080,18000000000,18000000000.00,1072
SPLB,SimpleBank,NeoScrypt,FALSE,PoW/PoS,2381470.978,21000000,21000000.00,1073
HMN,Harvest Masternode Coin,Scrypt,TRUE,PoW/PoS,,10000000,10000000.00,1074
KCASH,Kcash,SHA-512,TRUE,Zero-Knowledge Proof,1000000000,1000000000,1000000000.00,1075
XCG,Xchange,X16R,TRUE,PoW,9753753.615,100000000,100000000.00,1076
AAC,Acute Angle Cloud,ECC 256K1,TRUE,DPOS,1000000000,1000000000,1000000000.00,1077
KST,StarKST,Scrypt,TRUE,PoW,,6000000000,6000000000.00,1078
AUK,Aukcecoin,Scrypt,TRUE,PoW/PoS,,80000000,80000000.00,1079
PLAN,Plancoin,Scrypt,TRUE,PoW/PoS,,35000000,35000000.00,1080
TRAID,Traid,NeoScrypt,TRUE,PoW/PoS,0,252000000,252000000.00,1081
TCHB,Teachers Blockchain,Scrypt,TRUE,PoW,,160000000,160000000.00,1082
MIODIO,MIODIOCOIN,Scrypt,TRUE,PoW,,80000000,80000000.00,1083
LTPC,Lightpaycoin,Quark,TRUE,PoS,,21000000,21000000.00,1084
HANA,Hanacoin,Lyra2REv2,FALSE,PoW,,122500000,122500000.00,1085
BTV,Bitvote,CryptoNight,TRUE,PoW/PoS,,21000000,21000000.00,1086
CRYP,CrypticCoin,Equihash,TRUE,PoW,4235111504,7600000000,7600000000.00,1087
BTXC,Bettex coin,XEVAN,TRUE,PoS,6787405.18,50000000,50000000.00,1088
ZEST,ZestCoin,Quark,TRUE,PoW,0,29300000,29300000.00,1089
XCASH,X-CASH,CryptoNight Heavy X,TRUE,PoW,0,1.00E+11,100000000000.00,1090
BRAZ,Brazio,HMQ1725,FALSE,PoW,75579791.71,207000000,207000000.00,1091
ACM,Actinium,Lyra2Z,TRUE,PoW,13634850,84000000,84000000.00,1092
LTZ,Litecoinz,Equihash,TRUE,PoW,,84000000,84000000.00,1093
ETHO,ETHER-1,Ethash,TRUE,PoW,0,13666237,13666237.00,1094
TWISTR,TWIST,SHA-512,FALSE,PoS,200000000,200000000,200000000.00,1095
MBTC,MicroBitcoin,Rainforest,TRUE,PoW,,2.10E+11,210000000000.00,1096
FOREX,FOREXCOIN,Scrypt,TRUE,PoW,,1000000000,1000000000.00,1097
BSV,Bitcoin SV,SHA-256,TRUE,PoW,17992514.65,21000000,21000000.00,1098
DACH,DACH Coin,Quark,FALSE,PoS,14303114.67,38000000,38000000.00,1099
AGM,Argoneum,PHI1612,FALSE,PoW,13969583.38,64000000,64000000.00,1100
ARMS,2Acoin,CryptoNight-V7,FALSE,PoW,,17910000,17910000.00,1101
BITM,BitMoney,XEVAN,TRUE,Pos,208515864.4,70000000000,70000000000.00,1102
B2G,Bitcoiin2Gen,Ethash,TRUE,PoW,0,100000000,100000000.00,1103
AUX,Auxilium,Keccak,FALSE,PoA,,300000000,300000000.00,1104
JMC,Junson Ming Chan Coin,X11,TRUE,PoS,17209923728,0,0.00,1105
FRED,FREDEnergy,CryptoNight,TRUE,PoW,1867054873,8080000000,8080000000.00,1106
ZND,Zenad,Quark,TRUE,POS / MN,0,46000000,46000000.00,1107
NGIN,Ngin,M00N,FALSE,PoW,,360000000,360000000.00,1108
GENX,Genesis Network,Equihash,TRUE,PoW,,4100000000,4100000000.00,1109
VTL,Vertical,Lyra2Z,TRUE,PoW,,35000000,35000000.00,1110
C25,C25 Coin,SkunkHash,TRUE,PoW,0,6100000,6100000.00,1111
HERB,HerbCoin,Quark,TRUE,PoW/PoS,35312185.74,54000000,54000000.00,1112
AQUA,Aquachain,Argon2,TRUE,PoW,0,42000000,42000000.00,1113
BBTC,BlakeBitcoin,Blake,FALSE,PoW,20595483.85,21000000,21000000.00,1114
UMO,Universal Molecule,Blake,TRUE,PoW,1578281.313,105120001.4,105120001.40,1115
LIT,Lithium,Blake,TRUE,PoW,15846721.25,25228800,25228800.00,1116
ELT,Electron,Blake,FALSE,PoW,24156921.99,7000000000,7000000000.00,1117
XNB,Xeonbit,CryptoNight,TRUE,PoW,,18400000,18400000.00,1118
RBTC,Smart Bitcoin,SHA-256,TRUE,PoW,0,20999764,20999764.00,1119
PIRATE,PirateCash,Equihash,TRUE,PoS,13475920,105000000,105000000.00,1120
EXO,Exosis,Exosis,TRUE,PoW,406091.925,21000000,21000000.00,1121
BLTG,Block-Logic,Scrypt,TRUE,PoW,35284717.17,120000000,120000000.00,1122
MIMI,MIMI Money,CryptoNight,FALSE,PoW,,1.00E+18,1000000000000000000.00,1123
OWC,Oduwa,Scrypt,TRUE,PoW/PoS,14777549.39,21000000,21000000.00,1124
BEAM,Beam,Equihash,TRUE,PoW,35687520,262800000,262800000.00,1125
GALI,Galilel,Quark,TRUE,PoW/PoS,18265011.25,19035999,19035999.00,1126
ZEX,Zaddex,Equihash,FALSE,PoW,,210000000,210000000.00,1127
BTH,Bithereum,Equihash,TRUE,PoW,25150787.5,30886000,30886000.00,1128
ARQ,ArQmA,CryptoNight-lite,TRUE,PoW,,50000000,50000000.00,1129
VEO,Amoveo,SHA-256,TRUE,PoW,,0,0.00,1130
CSPN,Crypto Sports,Quark,TRUE,PoS,1934701.675,13370000,13370000.00,1131
CREDIT,Credit,Scrypt,TRUE,PoW/PoS,30825710000,74800000000,74800000000.00,1132
SCRIBE,Scribe Network,Lyra2REv2,FALSE,PoW,6040583.73,32700000,32700000.00,1133
LYTX,LYTIX,QuarkTX,TRUE,PoW/PoS,,100000000,100000000.00,1134
SCA,SiaClassic,Blake2b,FALSE,PoW,,5000000000,5000000000.00,1135
LUNES,Lunes,Leased POS,TRUE,LPoS,,150728537.6,150728537.60,1136
SLC,SLICE,QuBit,TRUE,PoW,12925790.42,100000000,100000000.00,1137
DASHP,Dash Platinum,X11,TRUE,PoS,715659.4424,19700000,19700000.00,1138
NSD,Nasdacoin,Scrypt,TRUE,PoW/PoS,20546528.21,84000000,84000000.00,1139
VDL,Vidulum,Equihash1927,TRUE,PoW,0,100000000,100000000.00,1140
BEET,Beetle Coin,XEVAN,TRUE,PoW/PoS,198938144.4,500000000,500000000.00,1141
TTN,Titan Coin,SHA-256D,TRUE,PoW/PoS,896361168,5000000000,5000000000.00,1142
AWR,Award,X11,TRUE,PoW/PoS,15420234.54,420000000,420000000.00,1143
BST,BlockStamp,SHA-256,TRUE,PoW,0,105000000,105000000.00,1144
BLAST,BLAST,SHA-256,TRUE,PoW,52293836.63,64000000,64000000.00,1145
ESBC,ESBC,Quark,TRUE,PoS,,30000000,30000000.00,1146
VBK,VeriBlock,SHA-256,TRUE,PoW,,2100000000,2100000000.00,1147
XRC,Bitcoin Rhodium,X13,TRUE,PoW,1170292.5,2100000,2100000.00,1148
GLT,GlobalToken,SHA-256,TRUE,PoW,84613100,168000000,168000000.00,1149
INSN,Insane Coin,X11,TRUE,PoW/PoS,23775960.32,30000000,30000000.00,1150
WRT,WRTcoin,X11,TRUE,PoW,,25000000000,25000000000.00,1151
ALX,ALAX,DPoS,TRUE,DPoS,1000000000,1000000000,1000000000.00,1152
TFC,The Freedom Coin,X11,TRUE,PoS,0,25000000,25000000.00,1153
MPT,Media Protocol Token,Ethash,FALSE,PoW,10000000000,10000000000,10000000000.00,1154
AMBER,AmberCoin,X11,TRUE,PoW/PoS,,1000000000,1000000000.00,1155
LDOGE,LiteDoge,Scrypt,TRUE,PoW/PoS,15318887081,35000000000,35000000000.00,1156
BBR,Boolberry,X11,TRUE,PoW,0,18450000,18450000.00,1157
SLR,SolarCoin,Scrypt,TRUE,PoW,55565076.39,98100000000,98100000000.00,1158
TRK,TruckCoin,X11,TRUE,PoW/PoS,242574105.2,0,0.00,1159
UFO,UFO Coin,NeoScrypt,TRUE,PoW,3824685012,4000000000,4000000000.00,1160
ASN,Ascension Coin,QuBit,TRUE,PoW/PoS,0,0,0.00,1161
OC,OrangeCoin,Scrypt,TRUE,PoW/PoS,3537150,200000000,200000000.00,1162
GSM,GSM Coin,X11,TRUE,PoW/PoS,,1800000,1800000.00,1163
BLC,BlakeCoin,Blake,TRUE,PoW,23356790.15,7000000000,7000000000.00,1164
BITS,BitstarCoin,Scrypt,TRUE,PoW/PoS,20576532,54256119,54256119.00,1165
NEOS,NeosCoin,SHA-256,TRUE,PoS,4392258.246,21000000,21000000.00,1166
HYPER,HyperCoin,Scrypt,TRUE,PoW/PoS,9631199.993,0,0.00,1167
PINK,PinkCoin,X11,TRUE,PoW/PoS,436353624.5,500000000,500000000.00,1168
FCN,FantomCoin ,CryptoNight,TRUE,PoW,0,18400000,18400000.00,1169
XWT,World Trade Funds,X15,TRUE,PoW/PoS,,1000000,1000000.00,1170
CESC,Crypto Escudo,Scrypt,TRUE,PoW,780210700,1000000000,1000000000.00,1171
TWLV,Twelve Coin,T-Inside,TRUE,PoW/PoS,,0,0.00,1172
ADC,AudioCoin,Scrypt,TRUE,PoW/PoS,980732529,10500000000,10500000000.00,1173
LOG,Wood Coin,Skein,TRUE,PoW,,27625814,27625814.00,1174
XCE,Cerium,SHA-256,TRUE,PoW/PoS,,2307925,2307925.00,1175
NKA,IncaKoin,SHA-256,TRUE,PoW/PoS,17939725045,190000000,190000000.00,1176
PIGGY,Piggy Coin,X11,TRUE,PoW/PoS,494240666,1000000000,1000000000.00,1177
CRW,Crown Coin,SHA-256,TRUE,PoW,22986929.09,42000000,42000000.00,1178
GEN,Genstake,Scrypt,TRUE,PoW/PoS,60000000,15000000,15000000.00,1179
LTS,Litestar Coin,X11,TRUE,PoW/PoS,,120000000,120000000.00,1180
QCN,Quazar Coin,CryptoNight,TRUE,PoW,0,18446744,18446744.00,1181
SMLY,SmileyCoin,Scrypt,TRUE,PoW,29583989323,50000000000,50000000000.00,1182
BTQ,BitQuark,Multiple,TRUE,PoW,,0,0.00,1183
PKB,ParkByte,SHA-256,TRUE,PoW/PoS,0,25000000,25000000.00,1184
HNC,Hellenic Coin,Scrypt,TRUE,PoW,,100000000,100000000.00,1185
MI,XiaoMiCoin,Scrypt,TRUE,PoW/PoS,404316475.5,400000000,400000000.00,1186
GRS,Groestlcoin,Groestl,TRUE,PoW,73298203.89,105000000,105000000.00,1187
CPC,CapriCoin,X11,TRUE,PoW/PoS,201364327.4,208000000,208000000.00,1188
CLUB, ClubCoin,Scrypt,TRUE,PoW/PoS,103621876.2,160000000,160000000.00,1189
RADS,Radium,PoS,TRUE,PoS,3821245.742,9000000,9000000.00,1190
BTA,Bata,Scrypt,TRUE,PoW,5052555.92,5000000,5000000.00,1191
PAK,Pakcoin,Scrypt,TRUE,PoW,69684455.44,182000000,182000000.00,1192
CRB,Creditbit ,X11,TRUE,Proof of Trust,16901016.66,16504333,16504333.00,1193
OK,OKCash,SHA-256,TRUE,PoW/PoS,74676064.95,105000000,105000000.00,1194
LSK,Lisk,DPoS,TRUE,DPoS,120012140,159918400,159918400.00,1195
XHI,HiCoin,Scrypt,TRUE,PoS,10000244678,10008835635,10008835635.00,1196
XWC,WhiteCoin,Scrypt,TRUE,PoW/PoS,252005564.2,300000000,300000000.00,1197
DOT,Dotcoin,Scrypt,TRUE,PoW,0,890000000,890000000.00,1198
FSC,FriendshipCoin,NeoScrypt,TRUE,PoW/PoS,1120385.005,60168145,60168145.00,1199
THC,The Hempcoin,Scrypt,TRUE,PoW/PoS,0,300000000,300000000.00,1200
FIII,Fiii,SHA3-256,TRUE,DPoC,-5917977548,5000000000,5000000000.00,1201
J,JoinCoin,Multiple,TRUE,PoW,3332922.5,2800000,2800000.00,1202
TRI,Triangles Coin,X13,TRUE,PoW/PoS,140777.7534,120000,120000.00,1203
RAIZER,RAIZER,SHA-256,FALSE,PoW,,1000000000,1000000000.00,1204
VOLLAR,Vollar,Equihash+Scrypt,TRUE,PoW,100000000,2100000000,2100000000.00,1205
VNTY,VENOTY,Scrypt,FALSE,PoW,,94000000,94000000.00,1206
AX,AlphaX,Scrypt,TRUE,PoS,,2.00E+11,200000000000.00,1207
SWI,Swinca,Quark,FALSE,PoW/PoS,,400000000,400000000.00,1208
TCR,TecraCoin,Lyra2Z,FALSE,PoW,40874452.48,210000000,210000000.00,1209
HCXP,HCX PAY,CryptoNight,FALSE,PoW,,2000000000,2000000000.00,1210
GEX,Gexan,PHI2,FALSE,PoW/PoS,2233828.13,21000000,21000000.00,1211
EOS,EOS,DPoS,TRUE,DPoS,1020544523,0,0.00,1212
AHT,Ahoolee,Ethash,TRUE,PoW,,100000000,100000000.00,1213
RCC,Reality Clash,Ethash,TRUE,PoW,24487944.1,24487944,24487944.00,1214
OXY,Oxycoin,DPoS,TRUE,DPoS,1122382283,0,0.00,1215
Z2,Z2 Coin,SHA-256,FALSE,PoW,,11000000,11000000.00,1216
KAPU,Kapu,DPoS,TRUE,DPoS,,115000000,115000000.00,1217
GRFT,Graft Blockchain,CryptoNight,TRUE,PoW/PoS,,1844674400,1844674400.00,1218
MNZ,Monaize,Equihash,TRUE,PoW/DPoW,,257142857,257142857.00,1219
AVE,Avesta,Avesta hash,FALSE,PoW,,200000000,200000000.00,1220
XSB,Extreme Sportsbook,X11,FALSE,PoS,,3000000,3000000.00,1221
SCRM,Scorum,DPoS,TRUE,DPoS,,20000000,20000000.00,1222
LWF,Local World Forwarders,DPoS,TRUE,DPoS,,100000000,100000000.00,1223
ILT,iOlite,Ethash,TRUE,PoW,0,1000000000,1000000000.00,1224
ADM,Adamant,DPoS,TRUE,DPoS,,200000000,200000000.00,1225
UPX,uPlexa,CryptoNight,TRUE,PoW,,10500000000,10500000000.00,1226
TCH,TigerCash,SHA-256,TRUE,PoS,1000000000,1000000000,1000000000.00,1227
LAX,LAPO,Lyra2Z,FALSE,PoW/PoS,11086825523,1.00E+11,100000000000.00,1228
TIP,Tip Blockchain,DPoS,TRUE,PoS,,1000000000,1000000000.00,1229
DTEP,DECOIN,X11,TRUE,PoS,,140000000,140000000.00,1230
WAVES,Waves,Leased POS,TRUE,LPoS,100000000,100000000,100000000.00,1231
PART,Particl,PoS,TRUE,PoS,9283137.556,8634140,8634140.00,1232
SLX,Slate,Slatechain,TRUE,PoW,,950000000,950000000.00,1233
SHARD,ShardCoin,Scrypt,FALSE,PoS,24924986.09,900000000,900000000.00,1234
BTT,BitTorrent,TRC10,TRUE,DPoS,9.90E+11,9.90E+11,990000000000.00,1235
CHI,XAYA,NeoScrypt,TRUE,PoW,,77303932,77303932.00,1236
ZILLA,ChainZilla,Equihash,FALSE,DPoW,11000068.27,11000000,11000000.00,1237
NXT,Nxt,PoS,TRUE,PoS/LPoS,1000000000,1000000000,1000000000.00,1238
ZEPH,ZEPHYR,SHA-256,TRUE,DPoS,1999999995,2000000000,2000000000.00,1239
XQN,Quotient,Scrypt,TRUE,PoW/PoS,,0,0.00,1240
NETC,NetworkCoin,X13,TRUE,PoW/PoS,,400000,400000.00,1241
VPRC,VapersCoin,Scrypt,TRUE,PoW,,42750000000,42750000000.00,1242
GAP,Gapcoin,Scrypt,TRUE,PoW/PoS,14931046.15,250000000,250000000.00,1243
SERO,Super Zero,Ethash,TRUE,PoW,,1000000000,1000000000.00,1244
UOS,UOS,SHA-256,TRUE,DPoI,,1000000000,1000000000.00,1245
BDX,Beldex,CryptoNight,TRUE,PoW,980222595,1400222610,1400222610.00,1246
ZEN,Horizen,Equihash,TRUE,PoW,7296537.5,21000000,21000000.00,1247
XBC,BitcoinPlus,Scrypt,TRUE,PoS,128326.9963,1000000,1000000.00,1248
DVTC,DivotyCoin,Scrypt,FALSE,PoW/PoS,21491213.46,100000000,100000000.00,1249
GIOT,Giotto Coin,Scrypt,FALSE,PoW/PoS,,233100000,233100000.00,1250
OPSC,OpenSourceCoin,SHA-256,FALSE,PoW/PoS,,21000000,21000000.00,1251
PUNK,SteamPunk,PoS,FALSE,PoS,,40000000,40000000.00,1252
